,Date,Open,High,Low,Close,Volume
0,2007-12-14,5.37,5.8,4.59,5.39,83425
1,2007-12-17,5.88,9.54,5.88,9.54,62766
2,2007-12-18,10.54,11.07,7.91,8.48,27750
3,2007-12-19,8.48,9.15,7.91,9.07,12902
4,2007-12-20,8.96,10.52,8.96,10.01,8072
5,2007-12-21,10.01,14.5,10.01,12.78,35183
6,2007-12-27,11.59,13.8,11.59,13.79,21707
7,2007-12-28,14.23,15.37,12.95,15.36,15661
8,2008-01-02,15.78,15.78,13.7,15.36,8313
9,2008-01-03,14.36,15.76,13.17,13.7,12904
10,2008-01-04,13.18,13.7,11.97,12.37,18026
11,2008-01-07,12.12,12.65,10.8,10.8,18867
12,2008-01-08,11.59,12.01,10.12,11.75,6545
13,2008-01-09,12.12,12.12,10.54,10.54,6368
14,2008-01-10,11.07,11.07,10.01,10.8,5901
15,2008-01-11,11.33,11.59,11.07,11.59,3269
16,2008-01-14,11.59,12.88,11.07,11.42,7317
17,2008-01-15,10.97,11.32,10.96,11.3,817
18,2008-01-16,11.27,11.32,10.54,10.67,922
19,2008-01-17,10.54,11.07,10.54,10.86,4958
20,2008-01-18,10.75,11.28,9.76,11.28,3932
21,2008-01-21,11.07,11.51,10.54,10.8,2698
22,2008-01-22,10.33,10.54,9.99,10.53,5406
23,2008-01-23,10.54,11.06,10.49,11.06,4903
24,2008-01-24,11.06,11.07,10.64,11.07,2799
25,2008-01-25,11.01,11.33,10.01,10.54,1886
26,2008-01-28,11.05,11.51,10.59,11.07,4296
27,2008-01-29,11.43,11.48,10.39,10.39,2220
28,2008-01-30,11.07,11.07,9.33,10.49,5070
29,2008-01-31,10.01,11.07,9.49,11.05,9553
30,2008-02-01,11.09,11.09,10.54,11.01,1531
31,2008-02-04,11.07,11.32,11.07,11.22,8750
32,2008-02-05,10.54,11.22,10.54,10.91,1922
33,2008-02-06,10.8,11.59,10.8,11.07,4641
34,2008-02-07,11.59,12.07,11.07,12.07,1525
35,2008-02-08,10.96,11.43,10.96,11.43,9498
36,2008-02-11,11.38,11.59,11.07,11.57,2531
37,2008-02-12,11.13,11.59,10.8,11.59,5044
38,2008-02-13,11.53,11.53,10.81,11.14,4738
39,2008-02-14,10.8,11.17,10.8,11.17,4131
40,2008-02-15,11.07,11.28,10.89,11.28,1058
41,2008-02-18,11.07,11.07,10.81,10.81,571
42,2008-02-19,11.07,11.07,11.07,11.07,5002
43,2008-02-20,10.81,10.81,10.81,10.81,1413
44,2008-02-21,11.04,11.04,10.54,10.54,1246
45,2008-02-22,10.54,10.72,10.33,10.72,1658
46,2008-02-25,10.72,10.72,10.72,10.72,134
47,2008-02-26,10.8,10.8,10.43,10.43,1102
48,2008-02-27,10.54,10.54,10.49,10.54,612
49,2008-02-28,10.49,10.49,9.96,10.01,6074
50,2008-02-29,9.49,9.51,9.48,9.48,3715
51,2008-03-03,9.56,9.56,9.02,9.49,1706
52,2008-03-05,9.43,9.72,9.43,9.56,681
53,2008-03-06,9.49,9.64,8.99,9.48,1575
54,2008-03-07,9.43,9.43,8.96,9.43,1296
55,2008-03-10,8.96,9.22,8.96,9.22,948
56,2008-03-11,9.22,9.72,8.7,8.96,23751
57,2008-03-12,9.72,9.72,8.98,9.49,1639
58,2008-03-13,9.59,9.59,8.99,9.47,1816
59,2008-03-14,9.49,9.49,8.96,9.42,499
60,2008-03-17,8.96,8.96,7.67,7.7,1576
61,2008-03-18,6.97,7.54,6.93,7.54,705
62,2008-03-19,8.38,8.38,6.85,7.72,2818
63,2008-03-25,7.9,8.54,6.59,8.54,1531
64,2008-03-26,7.9,7.9,6.78,7.32,8923
65,2008-03-27,7.11,7.43,6.85,7.43,1569
66,2008-03-28,7.45,7.5,6.9,7.48,2601
67,2008-03-31,7.48,7.48,6.8,7.35,116
68,2008-04-01,7.35,7.35,7.35,7.35,8078
69,2008-04-02,6.83,7.39,6.83,7.39,11
70,2008-04-04,6.6,6.74,6.57,6.61,737
71,2008-04-07,6.69,6.69,5.29,5.77,4472
72,2008-04-08,5.65,5.65,5.03,5.34,760
73,2008-04-09,4.98,5.58,4.31,5.58,9445
74,2008-04-10,6.14,7.3,6.0,6.5,10586
75,2008-04-11,7.39,8.4,7.1,8.35,5846
76,2008-04-14,8.39,10.75,8.0,9.99,7877
77,2008-04-15,10.1,11.45,10.1,10.9,4778
78,2008-04-16,11.06,11.06,8.85,9.0,4456
79,2008-04-17,9.5,9.5,8.96,8.98,979
80,2008-04-18,8.0,9.74,8.0,9.68,2454
81,2008-04-21,9.0,9.37,8.1,8.9,1124
82,2008-04-22,7.12,8.19,7.12,8.19,601
83,2008-04-23,7.01,7.9,7.01,7.3,1224
84,2008-04-24,7.0,7.99,7.0,7.76,1458
85,2008-04-25,7.99,8.0,7.96,8.0,222
86,2008-04-28,9.36,9.36,7.99,8.92,1073
87,2008-04-29,9.09,9.1,8.99,9.0,471
88,2008-04-30,7.52,8.45,7.25,8.45,1760
89,2008-05-05,8.98,8.98,8.0,8.39,1578
90,2008-05-06,8.65,8.65,8.65,8.65,5
91,2008-05-07,7.8,8.14,7.51,8.0,442
92,2008-05-08,7.2,7.84,7.2,7.84,405
93,2008-05-09,7.2,7.5,7.2,7.5,934
94,2008-05-12,7.5,7.77,6.52,7.59,1378
95,2008-05-14,6.36,6.57,6.08,6.08,2488
96,2008-05-15,6.4,6.79,6.39,6.79,633
97,2008-05-16,7.0,7.2,6.78,6.78,646
98,2008-05-19,5.59,6.89,5.59,6.89,231
99,2008-05-20,6.1,6.1,6.1,6.1,50
100,2008-05-21,5.61,5.61,5.61,5.61,200
101,2008-05-23,5.65,6.3,5.61,6.3,404
102,2008-05-26,6.11,6.11,5.37,5.99,439
103,2008-05-27,5.5,5.96,5.5,5.8,677
104,2008-05-28,5.4,6.19,5.4,6.07,481
105,2008-05-29,5.57,5.98,5.57,5.98,12
106,2008-05-30,5.57,5.89,5.37,5.89,555
107,2008-06-02,5.34,6.01,5.34,6.01,1300
108,2008-06-03,6.01,6.01,5.37,5.89,2114
109,2008-06-04,5.81,5.9,5.4,5.89,760
110,2008-06-05,5.9,5.9,5.31,5.32,460
111,2008-06-06,5.7,5.7,5.7,5.7,50
112,2008-06-09,5.02,5.02,5.02,5.02,200
113,2008-06-10,5.0,5.2,4.56,5.2,203
114,2008-06-11,4.99,5.0,4.99,5.0,500
115,2008-06-12,4.58,5.09,4.58,5.09,101
116,2008-06-13,4.6,4.9,4.22,4.9,671
117,2008-06-16,4.3,4.86,4.29,4.6,370
118,2008-06-17,4.6,4.6,4.6,4.6,420
119,2008-06-18,4.11,4.74,4.0,4.48,906
120,2008-06-19,4.35,4.36,4.32,4.32,572
121,2008-06-26,4.32,4.32,4.32,4.32,165
122,2008-06-27,3.3,3.6,2.66,3.57,12748
123,2008-07-02,3.5,3.57,2.9,3.57,2255
124,2008-07-04,2.89,3.39,2.89,3.39,143
125,2008-07-07,3.38,3.6,3.38,3.6,786
126,2008-07-08,3.6,3.99,3.6,3.99,370
127,2008-07-09,4.06,5.72,4.06,5.7,2239
128,2008-07-10,5.06,5.5,5.02,5.5,1796
129,2008-07-11,5.5,5.5,5.5,5.5,11
130,2008-07-14,5.05,5.05,5.05,5.05,555
131,2008-07-16,4.04,5.04,4.04,5.04,111
132,2008-07-17,4.99,4.99,4.04,4.6,1236
133,2008-07-18,4.3,4.99,4.0,4.0,800
134,2008-07-21,4.87,4.87,3.84,4.0,1208
135,2008-07-23,3.75,4.0,3.74,4.0,201
136,2008-07-24,3.7,4.64,3.66,4.64,712
137,2008-07-25,4.79,4.79,4.78,4.78,180
138,2008-07-28,4.9,4.9,4.9,4.9,120
139,2008-07-29,4.94,4.94,4.94,4.94,7
140,2008-07-31,4.0,4.94,4.0,4.94,255
141,2008-08-01,4.88,4.89,4.88,4.89,300
142,2008-08-06,4.07,4.07,3.92,3.92,1920
143,2008-08-07,3.95,4.7,3.92,4.7,620
144,2008-08-11,3.79,3.9,3.79,3.9,1122
145,2008-08-12,4.6,4.6,4.59,4.59,110
146,2008-08-19,3.9,4.35,3.82,4.32,896
147,2008-08-21,4.29,4.3,4.08,4.08,145
148,2008-08-22,4.08,4.22,4.08,4.22,48
149,2008-08-26,3.8,4.14,3.7,4.11,1009
150,2008-08-27,4.0,4.11,4.0,4.11,59
151,2008-08-28,4.12,4.19,4.0,4.16,644
152,2008-08-29,4.0,4.38,4.0,4.0,542
153,2008-09-01,4.0,4.09,3.65,4.08,228
154,2008-09-02,4.09,4.09,4.09,4.09,200
155,2008-09-05,3.66,4.0,3.65,4.0,734
156,2008-09-08,3.99,4.2,3.99,4.2,1111
157,2008-09-12,4.2,4.29,4.2,4.29,15
158,2008-09-17,4.0,4.0,4.0,4.0,135
159,2008-09-18,3.9,3.9,3.85,3.85,41
160,2008-09-19,3.85,3.99,3.85,3.95,320
161,2008-09-22,3.65,3.65,3.65,3.65,300
162,2008-09-23,3.65,3.89,3.4,3.89,1170
163,2008-09-26,3.8,4.0,3.8,4.0,1130
164,2008-09-29,4.0,4.0,4.0,4.0,848
165,2008-09-30,3.43,4.0,3.43,4.0,300
166,2008-10-02,3.98,3.98,3.5,3.6,220
167,2008-10-07,3.6,3.98,3.2,3.21,332
168,2008-10-08,3.2,3.59,2.57,3.19,3744
169,2008-10-09,2.9,2.9,2.9,2.9,200
170,2008-10-10,3.24,3.24,2.6,2.99,2523
171,2008-10-13,3.0,3.2,3.0,3.2,600
172,2008-10-14,3.24,3.4,3.24,3.4,102
173,2008-10-16,3.03,3.8,3.03,3.8,600
174,2008-10-17,3.79,3.8,3.79,3.8,410
175,2008-10-20,3.5,3.9,3.5,3.9,720
176,2008-10-21,3.5,3.9,3.13,3.13,799
177,2008-10-22,3.6,3.6,3.13,3.5,2802
178,2008-10-23,3.0,3.5,3.0,3.5,420
179,2008-10-28,3.49,4.0,3.49,4.0,810
180,2008-10-29,4.1,4.1,4.1,4.1,105
181,2008-10-30,3.41,3.98,3.4,3.98,220
182,2008-11-03,3.19,3.5,3.19,3.5,476
183,2008-11-04,3.16,3.5,3.16,3.5,1209
184,2008-11-05,3.99,3.99,3.99,3.99,100
185,2008-11-06,3.89,3.9,3.89,3.9,484
186,2008-11-12,3.25,4.0,3.2,4.0,1032
187,2008-11-14,3.49,4.0,3.49,4.0,742
188,2008-11-17,3.21,3.86,3.21,3.86,3854
189,2008-11-19,3.91,3.91,3.25,3.88,124
190,2008-11-20,3.26,3.82,3.11,3.82,407
191,2008-11-21,3.02,3.77,3.02,3.77,216
192,2008-11-24,3.75,3.75,3.1,3.7,222
193,2008-11-25,3.88,3.88,3.88,3.88,20
194,2008-11-26,3.55,3.55,3.55,3.55,328
195,2008-11-27,3.84,3.84,3.13,3.59,412
196,2008-11-28,3.68,3.68,3.68,3.68,10
197,2008-12-01,3.18,3.77,3.15,3.65,545
198,2008-12-02,3.14,3.69,3.14,3.59,80
199,2008-12-03,3.14,3.15,3.0,3.15,190
200,2008-12-04,3.47,3.47,3.47,3.47,100
201,2008-12-08,3.49,3.49,2.85,3.49,774
202,2008-12-10,3.48,3.58,3.48,3.58,200
203,2008-12-12,2.88,3.25,2.88,3.25,7020
204,2008-12-15,3.2,3.2,3.2,3.2,220
205,2008-12-16,3.24,3.24,3.24,3.24,2100
206,2008-12-18,3.2,3.47,3.2,3.47,66
207,2008-12-23,3.0,3.39,3.0,3.39,11500
208,2008-12-30,2.78,2.78,2.78,2.78,484
209,2008-12-31,3.33,3.33,2.79,3.0,495
210,2009-01-05,3.0,3.39,3.0,3.39,110
211,2009-01-12,3.01,3.01,3.01,3.01,107
212,2009-01-13,2.85,3.0,2.84,3.0,960
213,2009-01-22,2.82,2.82,2.42,2.42,850
214,2009-01-23,2.8,2.99,2.2,2.99,990
215,2009-02-02,2.4,2.55,2.4,2.55,870
216,2009-02-04,2.58,2.58,2.31,2.58,160
217,2009-02-05,2.31,2.59,2.25,2.59,659
218,2009-02-06,2.59,2.98,2.59,2.98,230
219,2009-02-09,2.65,2.9,2.65,2.9,120
220,2009-02-12,2.5,2.85,2.5,2.85,530
221,2009-02-16,2.33,2.5,2.28,2.5,517
222,2009-02-18,2.26,2.59,2.25,2.59,1885
223,2009-02-25,2.2,2.58,2.2,2.58,868
224,2009-02-26,2.58,2.6,2.58,2.6,250
225,2009-03-02,2.25,2.58,2.09,2.09,1430
226,2009-03-03,2.15,2.15,2.12,2.12,200
227,2009-03-04,2.18,2.54,2.13,2.3,1260
228,2009-03-05,2.46,2.46,2.3,2.3,902
229,2009-03-06,2.28,2.28,2.28,2.28,5
230,2009-03-09,2.28,2.28,2.28,2.28,800
231,2009-03-11,2.1,2.1,2.1,2.1,100
232,2009-03-12,2.15,2.15,2.15,2.15,100
233,2009-03-16,2.19,2.2,2.19,2.2,120
234,2009-03-17,2.19,2.19,2.19,2.19,100
235,2009-03-19,2.16,2.39,2.1,2.39,5328
236,2009-03-20,2.38,2.38,2.38,2.38,621
237,2009-03-23,2.1,2.21,2.1,2.21,918
238,2009-03-25,2.29,2.6,2.29,2.6,580
239,2009-03-26,2.3,2.41,2.3,2.32,1250
240,2009-03-27,2.4,2.4,2.35,2.35,500
241,2009-03-30,2.38,2.38,2.3,2.3,650
242,2009-03-31,2.2,2.2,2.2,2.2,511
243,2009-04-01,2.21,2.21,2.2,2.2,450
244,2009-04-02,2.16,2.16,2.11,2.11,1650
245,2009-04-03,2.25,2.25,2.15,2.25,1000
246,2009-04-06,2.25,2.37,2.25,2.37,2593
247,2009-04-07,2.35,2.35,2.23,2.23,1937
248,2009-04-08,2.2,2.43,2.2,2.43,2170
249,2009-04-09,2.36,2.74,2.36,2.74,6371
250,2009-04-14,2.5,2.74,2.21,2.45,7975
251,2009-04-15,2.45,2.52,2.45,2.52,300
252,2009-04-16,2.55,3.09,2.5,3.09,7947
253,2009-04-17,3.15,3.3,3.0,3.3,2440
254,2009-04-20,3.1,3.1,2.98,2.98,2326
255,2009-04-21,3.06,3.06,3.06,3.06,100
256,2009-04-24,2.95,2.95,2.95,2.95,300
257,2009-04-27,2.96,2.96,2.95,2.95,450
258,2009-04-29,2.9,2.9,2.7,2.85,1510
259,2009-04-30,2.7,2.77,2.7,2.77,634
260,2009-05-04,2.84,2.84,2.8,2.8,1792
261,2009-05-05,2.71,2.71,2.7,2.7,733
262,2009-05-06,2.65,2.65,2.65,2.65,837
263,2009-05-08,2.65,2.65,2.47,2.57,2441
264,2009-05-11,2.46,2.57,2.46,2.57,569
265,2009-05-12,2.6,2.6,2.52,2.52,210
266,2009-05-14,2.52,2.52,2.02,2.4,1906
267,2009-05-15,2.42,2.5,2.42,2.5,1250
268,2009-05-18,2.5,2.5,2.2,2.29,2954
269,2009-05-19,2.35,2.35,1.92,2.24,3012
270,2009-05-20,2.21,2.33,2.21,2.33,21
271,2009-05-21,2.23,2.23,2.23,2.23,1
272,2009-05-22,2.33,2.33,2.33,2.33,20
273,2009-05-27,2.25,2.25,2.15,2.2,14797
274,2009-05-28,2.3,2.33,2.3,2.33,840
275,2009-05-29,2.41,2.6,2.4,2.4,2751
276,2009-06-01,2.45,2.7,2.29,2.49,3238
277,2009-06-02,2.42,2.42,2.15,2.15,10921
278,2009-06-03,2.22,2.42,2.15,2.29,2673
279,2009-06-04,2.22,2.22,2.06,2.19,13157
280,2009-06-05,2.22,2.22,2.0,2.15,9160
281,2009-06-08,2.11,2.19,2.05,2.18,2220
282,2009-06-09,2.18,2.4,2.12,2.32,10960
283,2009-06-10,2.35,2.43,2.17,2.43,15755
284,2009-06-12,2.4,2.49,2.38,2.49,1225
285,2009-06-15,2.42,2.49,2.39,2.49,8816
286,2009-06-16,2.45,2.47,2.35,2.47,2900
287,2009-06-18,2.42,2.53,2.33,2.44,2930
288,2009-06-19,2.33,2.39,2.33,2.33,1257
289,2009-06-22,2.33,2.44,2.33,2.33,889
290,2009-06-24,2.26,2.26,2.24,2.24,1350
291,2009-06-25,2.32,2.32,2.32,2.32,750
292,2009-06-26,2.4,2.4,2.39,2.39,646
293,2009-06-29,2.35,2.35,2.35,2.35,750
294,2009-06-30,2.42,2.42,2.42,2.42,50
295,2009-07-01,2.33,2.42,2.33,2.42,550
296,2009-07-02,2.42,2.52,2.42,2.5,2692
297,2009-07-03,2.5,2.6,2.5,2.5,1298
298,2009-07-06,2.5,2.55,2.36,2.36,2750
299,2009-07-07,2.39,2.39,2.31,2.31,1199
300,2009-07-08,2.3,2.3,2.3,2.3,75
301,2009-07-09,2.3,2.44,2.3,2.44,250
302,2009-07-10,2.44,2.44,2.44,2.44,200
303,2009-07-16,2.3,2.3,2.27,2.27,1500
304,2009-07-17,2.27,2.27,2.27,2.27,250
305,2009-07-20,2.2,2.23,2.19,2.19,2039
306,2009-07-21,2.19,2.3,2.19,2.25,300
307,2009-07-22,2.18,2.26,2.18,2.26,250
308,2009-07-23,2.28,2.28,2.28,2.28,350
309,2009-07-24,2.15,2.29,2.15,2.29,835
310,2009-07-27,2.31,2.31,2.31,2.31,50
311,2009-07-28,2.26,2.26,2.26,2.26,755
312,2009-07-29,2.19,2.36,2.15,2.36,6450
313,2009-07-30,2.21,2.33,2.19,2.26,3367
314,2009-08-03,2.29,2.6,2.29,2.55,10777
315,2009-08-04,2.55,2.6,2.35,2.6,2743
316,2009-08-05,2.71,3.0,2.3,2.74,14293
317,2009-08-06,2.4,2.5,2.3,2.48,6676
318,2009-08-07,2.6,2.67,2.4,2.67,3837
319,2009-08-10,2.71,2.94,2.71,2.85,3806
320,2009-08-11,2.96,2.96,2.65,2.65,6805
321,2009-08-12,2.7,2.7,2.57,2.57,1407
322,2009-08-13,2.65,2.99,2.42,2.43,7931
323,2009-08-14,2.55,2.68,2.5,2.6,2505
324,2009-08-17,2.6,2.72,2.6,2.72,2350
325,2009-08-18,2.52,2.52,2.49,2.49,1018
326,2009-08-19,2.55,2.67,2.53,2.58,3866
327,2009-08-20,2.67,2.78,2.67,2.71,2325
328,2009-08-21,2.7,3.24,2.7,3.24,16876
329,2009-08-24,3.2,3.8,3.0,3.78,31197
330,2009-08-25,3.79,3.84,3.46,3.84,25712
331,2009-08-26,3.6,3.85,3.5,3.56,18284
332,2009-08-27,3.56,3.75,3.44,3.75,27471
333,2009-08-28,3.9,4.4,3.8,4.0,27689
334,2009-08-31,4.0,4.0,3.56,3.67,11457
335,2009-09-01,3.9,4.0,3.67,3.68,5737
336,2009-09-02,3.45,3.45,3.45,3.45,1000
337,2009-09-03,3.56,3.56,3.37,3.5,1750
338,2009-09-04,3.42,3.5,3.41,3.5,1932
339,2009-09-07,3.59,3.63,3.59,3.63,416
340,2009-09-08,3.46,3.46,3.46,3.46,750
341,2009-09-09,3.55,3.55,3.43,3.43,1400
342,2009-09-10,3.6,3.6,3.42,3.42,2250
343,2009-09-11,3.42,3.42,3.1,3.1,4245
344,2009-09-14,3.66,3.66,3.21,3.24,1539
345,2009-09-15,3.25,3.26,3.25,3.25,1233
346,2009-09-17,3.25,3.25,3.25,3.25,610
347,2009-09-18,3.23,3.4,3.23,3.4,2147
348,2009-09-21,3.25,3.25,3.25,3.25,490
349,2009-09-22,3.25,3.25,3.25,3.25,750
350,2009-09-23,3.14,3.14,3.14,3.14,222
351,2009-09-25,3.14,3.14,3.13,3.13,700
352,2009-09-28,3.2,3.2,3.2,3.2,1000
353,2009-09-29,3.14,3.18,3.13,3.18,1500
354,2009-10-01,3.25,3.49,3.06,3.06,2247
355,2009-10-02,3.09,3.11,3.08,3.11,2000
356,2009-10-05,3.19,3.19,3.16,3.16,1306
357,2009-10-06,3.2,3.2,3.2,3.2,5
358,2009-10-07,3.12,3.12,3.12,3.12,3
359,2009-10-08,3.28,3.73,3.28,3.69,15781
360,2009-10-09,3.55,3.99,3.55,3.98,9011
361,2009-10-12,3.95,4.0,3.81,3.95,8880
362,2009-10-13,3.9,3.95,3.8,3.8,4046
363,2009-10-14,3.7,3.7,3.7,3.7,900
364,2009-10-15,3.66,3.78,3.65,3.78,651
365,2009-10-16,3.54,3.72,3.54,3.69,5502
366,2009-10-19,3.6,3.68,3.53,3.68,4156
367,2009-10-20,3.69,3.69,3.69,3.69,1
368,2009-10-21,3.69,3.69,3.69,3.69,1
369,2009-10-22,3.69,3.71,3.54,3.71,5428
370,2009-10-23,3.55,3.7,3.54,3.7,5700
371,2009-10-26,3.54,3.71,3.53,3.7,4811
372,2009-10-27,3.9,3.9,3.9,3.9,250
373,2009-10-28,3.53,3.71,3.52,3.71,5270
374,2009-10-29,3.53,3.75,3.53,3.75,3500
375,2009-10-30,3.52,3.69,3.25,3.32,4605
376,2009-11-02,3.43,3.43,3.43,3.43,566
377,2009-11-05,3.37,3.52,3.37,3.52,4050
378,2009-11-06,3.52,3.65,3.52,3.65,674
379,2009-11-10,3.5,3.5,3.5,3.5,80
380,2009-11-12,3.49,3.49,3.49,3.49,500
381,2009-11-16,3.42,3.42,3.42,3.42,1800
382,2009-11-17,3.4,3.4,3.39,3.39,801
383,2009-11-18,3.39,3.39,3.39,3.39,277
384,2009-11-19,3.39,3.39,3.1,3.1,2472
385,2009-11-20,3.11,3.25,3.11,3.25,340
386,2009-11-23,3.25,3.25,3.25,3.25,1
387,2009-11-24,3.2,3.8,3.2,3.7,8100
388,2009-11-25,3.52,3.81,3.5,3.69,10252
389,2009-11-26,3.68,3.85,3.53,3.79,6455
390,2009-11-27,3.66,3.89,3.6,3.89,10775
391,2009-11-30,3.85,4.0,3.72,4.0,10715
392,2009-12-01,3.99,4.37,3.99,4.37,7512
393,2009-12-02,4.34,4.5,4.34,4.5,5535
394,2009-12-03,4.34,4.51,4.34,4.51,7670
395,2009-12-04,4.49,4.6,4.49,4.6,4481
396,2009-12-07,4.61,4.62,4.35,4.35,3850
397,2009-12-08,4.16,4.7,4.15,4.66,2951
398,2009-12-09,4.5,4.7,4.25,4.7,4916
399,2009-12-11,4.5,4.73,4.5,4.73,4503
400,2009-12-14,4.73,4.74,4.73,4.74,66
401,2009-12-15,4.52,4.57,4.49,4.57,2460
402,2009-12-17,4.57,4.57,3.95,4.11,5121
403,2009-12-21,3.85,3.85,3.52,3.52,1500
404,2009-12-22,3.79,3.99,3.63,3.99,1940
405,2009-12-28,3.9,3.9,3.9,3.9,800
406,2009-12-29,3.65,3.7,3.62,3.7,794
407,2009-12-30,3.8,3.8,3.8,3.8,135
408,2010-01-04,3.73,4.06,3.73,4.06,1350
409,2010-01-05,4.16,4.16,4.0,4.16,4031
410,2010-01-06,4.18,4.26,4.01,4.25,2122
411,2010-01-07,4.12,4.12,4.12,4.12,100
412,2010-01-11,4.03,4.6,4.02,4.5,3777
413,2010-01-12,4.41,4.41,4.17,4.17,770
414,2010-01-14,4.09,4.45,4.09,4.45,1770
415,2010-01-15,4.49,4.5,4.26,4.26,1063
416,2010-01-18,4.16,4.49,4.16,4.49,5855
417,2010-01-19,4.49,4.49,4.3,4.47,3145
418,2010-01-20,4.5,4.5,4.22,4.22,601
419,2010-01-21,4.26,4.29,4.1,4.29,1295
420,2010-01-22,4.15,4.27,3.99,3.99,2470
421,2010-01-25,3.92,3.92,3.72,3.75,1875
422,2010-01-26,3.75,3.75,3.62,3.7,1480
423,2010-01-27,4.1,4.1,3.86,4.05,298
424,2010-01-28,3.95,3.95,3.85,3.85,822
425,2010-02-01,3.66,3.85,3.66,3.85,1701
426,2010-02-02,3.85,3.97,3.85,3.97,490
427,2010-02-03,4.07,4.07,4.07,4.07,100
428,2010-02-04,4.09,4.09,4.09,4.09,999
429,2010-02-08,4.08,4.08,4.08,4.08,250
430,2010-02-10,3.85,3.98,3.7,3.98,2667
431,2010-02-11,3.8,4.08,3.75,4.08,2265
432,2010-02-12,4.05,4.05,4.05,4.05,1010
433,2010-02-15,4.0,4.0,4.0,4.0,500
434,2010-02-18,3.85,3.94,3.84,3.94,1800
435,2010-02-23,3.93,3.93,3.93,3.93,380
436,2010-02-26,3.76,4.05,3.76,4.05,11232
437,2010-03-01,4.03,4.03,3.95,3.95,455
438,2010-03-02,3.84,3.94,3.8,3.94,5165
439,2010-03-03,3.93,4.16,3.93,4.16,3200
440,2010-03-08,3.82,4.03,3.8,4.03,2530
441,2010-03-09,3.8,3.8,3.8,3.8,150
442,2010-03-10,3.78,3.95,3.64,3.93,9710
443,2010-03-12,3.89,3.89,3.89,3.89,200
444,2010-03-15,3.86,3.86,3.67,3.67,1380
445,2010-03-16,3.8,3.93,3.8,3.93,1550
446,2010-03-17,3.91,3.93,3.91,3.93,1276
447,2010-03-18,3.85,3.85,3.85,3.85,1000
448,2010-03-19,3.93,3.93,3.93,3.93,399
449,2010-03-22,3.85,3.85,3.75,3.75,2700
450,2010-03-23,3.75,3.75,3.59,3.59,2199
451,2010-03-24,3.64,3.66,3.6,3.6,2900
452,2010-03-25,3.6,3.6,3.58,3.59,1320
453,2010-03-26,3.59,3.59,3.59,3.59,364
454,2010-03-29,3.59,3.59,3.59,3.59,776
455,2010-03-30,3.59,3.59,3.51,3.51,513
456,2010-03-31,3.67,3.67,3.67,3.67,10
457,2010-04-01,3.67,3.67,3.67,3.67,5
458,2010-04-06,3.6,3.67,3.6,3.67,5
459,2010-04-07,3.67,3.67,3.67,3.67,366
460,2010-04-08,3.63,3.63,3.6,3.6,2000
461,2010-04-09,3.5,3.5,3.5,3.5,640
462,2010-04-12,3.45,3.45,3.45,3.45,440
463,2010-04-15,3.35,3.35,3.35,3.35,222
464,2010-04-19,3.35,3.35,3.28,3.28,1440
465,2010-04-20,3.3,3.3,3.2,3.22,1010
466,2010-04-21,3.28,3.5,3.28,3.48,483
467,2010-04-22,3.5,3.5,3.19,3.5,513
468,2010-04-23,3.19,3.5,3.19,3.5,1513
469,2010-04-26,3.5,3.5,3.5,3.5,5
470,2010-04-27,3.5,3.5,3.15,3.15,6
471,2010-04-28,3.5,3.5,3.13,3.48,324
472,2010-04-29,3.22,3.27,3.22,3.27,615
473,2010-04-30,3.5,3.5,3.5,3.5,5
474,2010-05-04,3.11,3.11,3.11,3.11,5
475,2010-05-05,3.37,3.37,3.37,3.37,8
476,2010-05-06,3.37,3.37,3.37,3.37,5
477,2010-05-07,3.1,3.37,3.1,3.37,235
478,2010-05-10,3.5,3.5,3.5,3.5,4
479,2010-05-12,3.38,3.5,3.38,3.5,455
480,2010-05-13,3.07,3.2,3.07,3.2,102
481,2010-05-14,3.5,3.5,3.2,3.2,951
482,2010-05-19,3.09,3.2,3.09,3.2,60
483,2010-05-20,3.09,3.09,3.06,3.06,580
484,2010-05-21,3.04,3.04,2.86,2.96,1710
485,2010-05-24,3.08,3.08,3.08,3.08,10
486,2010-05-25,2.9,2.9,2.79,2.85,1900
487,2010-05-26,2.98,2.98,2.98,2.98,680
488,2010-05-27,2.98,2.98,2.98,2.98,5
489,2010-05-28,3.01,3.01,3.0,3.0,205
490,2010-05-31,3.04,3.04,3.02,3.04,380
491,2010-06-01,2.96,2.96,2.95,2.95,530
492,2010-06-08,2.99,2.99,2.99,2.99,10
493,2010-06-09,2.85,2.85,2.85,2.85,15
494,2010-06-14,2.85,2.85,2.85,2.85,100
495,2010-06-15,2.85,2.85,2.82,2.82,1135
496,2010-06-16,2.85,3.0,2.85,3.0,950
497,2010-06-17,3.0,3.08,3.0,3.08,755
498,2010-06-18,3.09,3.09,3.09,3.09,330
499,2010-06-22,3.07,3.07,3.07,3.07,5
500,2010-06-24,3.02,3.02,3.02,3.02,15
501,2010-06-25,3.01,3.01,3.01,3.01,15
502,2010-06-30,3.0,3.0,2.85,2.85,340
503,2010-07-01,2.86,2.86,2.85,2.85,520
504,2010-07-05,2.72,2.72,2.72,2.72,400
505,2010-07-06,2.6,3.0,2.6,3.0,455
506,2010-07-07,2.6,2.85,2.6,2.85,460
507,2010-07-08,2.84,2.84,2.84,2.84,595
508,2010-07-09,2.85,2.85,2.85,2.85,5
509,2010-07-13,2.84,2.84,2.73,2.73,670
510,2010-07-23,2.85,2.85,2.78,2.78,177
511,2010-07-26,2.78,2.78,2.78,2.78,500
512,2010-07-29,2.71,2.71,2.71,2.71,188
513,2010-08-02,2.65,2.65,2.63,2.63,776
514,2010-08-03,2.68,2.69,2.68,2.69,400
515,2010-08-06,2.68,2.85,2.68,2.85,1700
516,2010-08-09,2.63,2.63,2.62,2.62,600
517,2010-08-10,2.6,2.6,2.6,2.6,245
518,2010-08-12,2.6,2.6,2.6,2.6,100
519,2010-08-13,2.55,2.55,2.54,2.54,1000
520,2010-08-17,2.5,2.9,2.5,2.9,2539
521,2010-08-24,2.8,2.8,2.8,2.8,369
522,2010-08-26,2.75,2.75,2.75,2.75,10
523,2010-08-30,2.53,2.7,2.53,2.7,520
524,2010-09-01,2.64,2.64,2.64,2.64,100
525,2010-09-02,2.64,2.64,2.64,2.64,100
526,2010-09-06,2.68,2.68,2.52,2.58,1174
527,2010-09-07,2.72,2.72,2.72,2.72,595
528,2010-09-08,2.8,2.8,2.64,2.7,786
529,2010-09-09,2.75,2.82,2.75,2.82,800
530,2010-09-10,2.75,2.83,2.75,2.83,600
531,2010-09-13,2.8,2.83,2.8,2.83,600
532,2010-09-14,2.71,2.71,2.7,2.7,1162
533,2010-09-15,2.7,2.7,2.55,2.55,1000
534,2010-09-17,2.6,2.6,2.6,2.6,585
535,2010-09-20,2.71,2.92,2.71,2.92,1256
536,2010-09-21,2.93,2.95,2.93,2.94,1199
537,2010-09-22,2.94,2.95,2.94,2.95,1095
538,2010-09-24,2.93,2.97,2.93,2.97,1200
539,2010-09-27,2.97,2.97,2.97,2.97,200
540,2010-09-28,2.94,2.95,2.94,2.95,1300
541,2010-09-29,2.83,2.99,2.79,2.99,6090
542,2010-09-30,3.0,3.5,3.0,3.25,16964
543,2010-10-01,3.33,3.8,3.32,3.8,5880
544,2010-10-04,3.4,4.05,3.4,4.0,19128
545,2010-10-05,4.25,4.25,4.02,4.05,8337
546,2010-10-06,4.1,4.27,4.0,4.07,4015
547,2010-10-07,4.5,4.5,4.14,4.17,5316
548,2010-10-08,4.18,4.18,4.0,4.0,5489
549,2010-10-11,3.9,4.14,3.9,4.14,1071
550,2010-10-12,4.27,4.27,4.0,4.0,1416
551,2010-10-13,4.15,4.25,4.15,4.25,4
552,2010-10-14,4.2,4.2,4.2,4.2,2
553,2010-10-15,3.92,4.09,3.85,4.09,771
554,2010-10-18,4.09,4.1,3.8,4.09,5960
555,2010-10-19,4.23,4.23,4.23,4.23,2
556,2010-10-20,4.23,4.23,4.23,4.23,5
557,2010-10-21,3.81,4.2,3.81,4.2,1421
558,2010-10-22,4.05,4.12,3.9,4.12,6392
559,2010-10-25,4.21,4.21,4.21,4.21,350
560,2010-10-26,4.11,4.21,4.11,4.21,2846
561,2010-10-27,4.2,4.2,4.1,4.2,753
562,2010-10-28,4.1,4.1,4.1,4.1,112
563,2010-10-29,4.1,4.1,4.1,4.1,488
564,2010-11-02,4.1,4.1,4.0,4.0,1284
565,2010-11-03,3.9,3.9,3.9,3.9,1200
566,2010-11-04,4.09,4.09,4.09,4.09,5
567,2010-11-05,3.83,3.83,3.3,3.3,2000
568,2010-11-08,3.6,3.6,3.5,3.5,762
569,2010-11-09,3.7,3.84,3.7,3.84,972
570,2010-11-10,3.85,3.85,3.85,3.85,195
571,2010-11-12,3.85,3.85,3.85,3.85,5
572,2010-11-15,3.94,3.94,3.94,3.94,5
573,2010-11-16,3.8,3.8,3.8,3.8,5
574,2010-11-17,3.72,3.75,3.55,3.75,1200
575,2010-11-18,3.77,3.77,3.35,3.65,1691
576,2010-11-19,3.65,3.68,3.64,3.68,410
577,2010-11-22,3.66,3.7,3.66,3.7,472
578,2010-11-23,3.7,3.7,3.6,3.6,939
579,2010-11-24,3.68,3.68,3.62,3.62,2386
580,2010-11-25,3.6,4.09,3.6,4.09,2743
581,2010-11-26,4.09,4.09,4.0,4.0,155
582,2010-11-29,4.0,4.0,3.7,3.7,1135
583,2010-11-30,3.67,3.67,3.67,3.67,25
584,2010-12-01,3.67,3.67,3.66,3.66,400
585,2010-12-03,3.66,3.75,3.6,3.75,1143
586,2010-12-06,3.82,3.93,3.82,3.93,1580
587,2010-12-07,3.93,3.93,3.8,3.8,105
588,2010-12-08,3.67,3.67,3.67,3.67,420
589,2010-12-09,3.67,3.95,3.67,3.93,2644
590,2010-12-10,3.89,3.89,3.88,3.88,105
591,2010-12-13,3.88,3.92,3.88,3.9,4224
592,2010-12-14,3.88,3.88,3.73,3.87,208
593,2010-12-15,3.85,3.85,3.85,3.85,5
594,2010-12-16,3.83,3.84,3.83,3.84,882
595,2010-12-17,3.83,3.83,3.73,3.73,267
596,2010-12-20,3.81,3.81,3.81,3.81,10
597,2010-12-22,3.63,3.77,3.55,3.77,1500
598,2010-12-27,3.55,3.55,3.5,3.5,1150
599,2010-12-28,3.5,3.5,3.2,3.38,2083
600,2010-12-29,3.22,3.34,3.21,3.34,2888
601,2010-12-31,3.35,3.5,3.35,3.5,293
602,2011-01-03,3.63,3.63,3.63,3.63,5
603,2011-01-04,3.61,3.61,3.61,3.61,5
604,2011-01-07,3.57,3.9,3.57,3.9,1778
605,2011-01-11,3.74,3.74,3.74,3.74,100
606,2011-01-13,3.74,3.74,3.74,3.74,5
607,2011-01-18,3.74,3.74,3.3,3.3,1305
608,2011-01-21,3.3,3.33,3.3,3.33,13
609,2011-01-24,3.43,3.43,3.43,3.43,5
610,2011-01-31,3.3,3.3,3.3,3.3,29
611,2011-02-01,3.31,3.31,3.3,3.3,1036
612,2011-02-02,3.2,3.29,3.05,3.29,1720
613,2011-02-03,3.29,3.29,3.29,3.29,4
614,2011-02-04,3.05,3.05,3.05,3.05,204
615,2011-02-08,3.12,3.12,3.12,3.12,470
616,2011-02-09,3.25,3.25,3.25,3.25,115
617,2011-02-10,3.2,3.2,3.2,3.2,1000
618,2011-02-15,3.1,3.1,3.1,3.1,500
619,2011-02-16,3.3,3.3,3.3,3.3,5
620,2011-02-18,3.29,3.29,3.29,3.29,5
621,2011-02-24,3.29,3.29,3.29,3.29,4
622,2011-02-28,3.29,3.29,3.29,3.29,4
623,2011-03-02,3.0,3.0,3.0,3.0,5
624,2011-03-03,3.0,3.0,2.77,2.77,190
625,2011-03-09,2.9,3.0,2.9,3.0,512
626,2011-03-10,3.0,3.0,3.0,3.0,2
627,2011-03-11,2.99,2.99,2.99,2.99,10
628,2011-03-14,2.8,3.25,2.8,3.19,1257
629,2011-03-15,2.91,2.91,2.91,2.91,17
630,2011-03-16,3.2,3.2,3.2,3.2,4
631,2011-03-17,3.18,3.18,3.18,3.18,4
632,2011-03-28,2.92,2.92,2.91,2.91,1003
633,2011-04-05,3.05,3.05,3.05,3.05,2
634,2011-04-06,2.9,2.9,2.88,2.88,2520
635,2011-04-07,2.71,2.71,2.71,2.71,1000
636,2011-04-08,2.71,2.71,2.69,2.69,705
637,2011-04-11,2.7,2.7,2.7,2.7,404
638,2011-04-14,2.9,3.05,2.9,3.05,1000
639,2011-04-21,2.71,2.71,2.71,2.71,675
640,2011-04-28,3.02,3.02,3.02,3.02,10
641,2011-05-10,3.03,3.03,3.02,3.03,1050
642,2011-05-19,3.0,3.29,3.0,3.29,2682
643,2011-05-27,2.98,3.27,2.98,3.27,109
644,2011-06-06,2.98,3.18,2.98,3.18,330
645,2011-06-07,3.25,3.25,3.25,3.25,100
646,2011-06-08,3.18,3.18,3.18,3.18,355
647,2011-06-13,2.99,2.99,2.99,2.99,510
648,2011-06-15,3.0,3.0,2.99,2.99,3464
649,2011-06-17,3.2,3.2,3.2,3.2,200
650,2011-06-20,2.85,3.15,2.8,3.15,1290
651,2011-06-24,2.8,3.15,2.8,3.15,1090
652,2011-07-22,2.75,3.0,2.75,3.0,205
653,2011-07-25,2.7,2.98,2.7,2.98,31
654,2011-08-08,2.11,2.8,2.11,2.8,2956
655,2011-08-11,2.25,2.9,2.25,2.9,5320
656,2011-08-16,2.5,2.5,2.5,2.5,540
657,2011-08-22,2.2,2.48,2.2,2.48,584
658,2011-10-06,2.48,2.48,2.0,2.0,1450
659,2011-10-20,1.68,1.85,1.6,1.6,5080
660,2011-10-21,1.75,1.75,1.75,1.75,300
661,2011-10-26,1.84,1.84,1.6,1.6,664
662,2011-11-08,1.75,1.75,1.75,1.75,20
663,2011-11-09,1.74,1.74,1.74,1.74,1000
664,2011-11-15,1.72,1.72,1.72,1.72,30
665,2011-11-22,1.73,1.75,1.41,1.41,2000
666,2011-11-29,1.41,1.41,1.41,1.41,1100
667,2011-12-02,1.68,1.69,1.61,1.69,430
668,2011-12-05,1.69,1.69,1.69,1.69,1200
669,2011-12-06,1.61,1.61,1.61,1.61,430
670,2011-12-09,1.55,1.55,1.55,1.55,1900
671,2011-12-14,1.47,1.47,1.47,1.47,1600
672,2011-12-15,1.4,1.4,1.36,1.36,3100
673,2011-12-16,1.36,1.36,1.27,1.27,2700
674,2011-12-19,1.27,1.27,1.22,1.22,345
675,2011-12-20,1.22,1.22,1.22,1.22,155
676,2011-12-22,1.23,1.23,1.23,1.23,1100
677,2011-12-23,1.21,1.21,1.21,1.21,100
678,2011-12-27,1.17,1.18,1.17,1.17,347
679,2011-12-29,1.17,1.17,1.15,1.15,350
680,2011-12-30,1.15,1.15,1.13,1.13,501
681,2012-01-09,1.13,1.13,1.13,1.13,150
682,2012-01-10,1.11,1.11,1.05,1.05,2019
683,2012-01-17,1.05,1.05,1.05,1.05,500
684,2012-01-25,1.11,1.11,1.11,1.11,170
685,2012-01-26,1.11,1.11,1.07,1.07,2676
686,2012-01-27,1.07,1.07,1.07,1.07,5
687,2012-01-30,1.13,1.15,1.13,1.13,170
688,2012-02-01,1.12,1.12,1.12,1.12,4300
689,2012-02-03,1.17,1.2,1.17,1.2,600
690,2012-02-08,1.2,1.2,1.2,1.2,100
691,2012-02-15,1.15,1.18,1.14,1.18,3300
692,2012-02-21,1.18,1.2,1.18,1.2,1100
693,2012-03-05,1.19,1.19,1.19,1.19,1200
694,2012-03-12,1.12,1.12,1.0,1.0,6848
695,2012-03-19,1.0,1.0,1.0,1.0,2222
696,2012-03-20,1.0,1.0,1.0,1.0,100
697,2012-03-21,1.0,1.0,0.97,0.97,100
698,2012-03-29,0.94,0.94,0.94,0.94,200
699,2012-03-30,0.91,0.92,0.91,0.92,1200
700,2012-04-02,0.95,0.99,0.95,0.99,700
701,2012-04-11,0.99,0.99,0.99,0.99,1833
702,2012-04-17,1.0,1.0,1.0,1.0,1000
703,2012-04-18,0.96,0.96,0.96,0.96,5300
704,2012-04-23,0.95,0.95,0.95,0.95,2650
705,2012-04-24,0.95,0.95,0.94,0.94,1550
706,2012-05-04,0.95,0.96,0.95,0.96,2900
707,2012-05-07,0.94,0.94,0.94,0.94,515
708,2012-05-29,0.96,0.96,0.96,0.96,1
709,2012-06-05,0.93,0.93,0.9,0.9,5500
710,2012-06-08,0.88,0.88,0.83,0.83,6015
711,2012-06-11,0.83,0.83,0.83,0.83,600
712,2012-06-12,0.8,0.8,0.8,0.8,3500
713,2012-06-27,0.79,0.79,0.76,0.76,3730
714,2012-07-12,0.7,0.7,0.7,0.7,1
715,2012-07-18,0.71,0.71,0.71,0.71,15
716,2012-07-20,0.72,0.72,0.72,0.72,2000
717,2012-07-23,0.72,0.77,0.72,0.77,2555
718,2012-08-16,0.77,0.77,0.77,0.77,2550
719,2012-08-17,0.77,0.91,0.72,0.88,8549
720,2012-08-20,0.88,0.98,0.88,0.98,10500
721,2012-08-21,1.0,1.0,0.95,0.95,1601
722,2012-08-22,0.91,0.95,0.91,0.95,636
723,2012-08-23,0.95,0.95,0.95,0.95,2
724,2012-08-24,0.95,0.95,0.95,0.95,2
725,2012-08-27,0.95,0.95,0.95,0.95,1
726,2012-08-28,0.95,0.95,0.95,0.95,1
727,2012-08-29,0.95,0.95,0.95,0.95,1
728,2012-08-30,0.95,0.95,0.95,0.95,1
729,2012-08-31,0.95,0.95,0.95,0.95,1
730,2012-09-03,0.94,0.96,0.94,0.96,3640
731,2012-09-04,0.96,0.98,0.96,0.98,2165
732,2012-09-17,0.98,0.98,0.92,0.92,1001
733,2012-09-27,0.9,0.9,0.9,0.9,300
734,2012-09-28,0.9,0.9,0.9,0.9,500
735,2012-10-09,0.9,0.9,0.9,0.9,200
736,2012-10-16,0.9,0.9,0.9,0.9,695
737,2012-10-26,0.86,0.86,0.86,0.86,1899
738,2012-10-30,0.8,0.8,0.8,0.8,1000
739,2012-12-12,0.72,0.72,0.72,0.72,80
740,2012-12-13,0.72,0.72,0.72,0.72,1000
741,2012-12-14,0.78,0.78,0.78,0.78,300
742,2013-01-02,0.71,0.71,0.71,0.71,2
743,2013-01-03,0.79,0.83,0.79,0.83,4000
744,2013-01-04,1.0,1.2,1.0,1.2,6700
745,2013-01-07,1.25,1.35,1.2,1.35,2700
746,2013-01-08,1.2,1.2,1.1,1.1,3000
747,2013-01-09,1.01,1.05,1.0,1.0,3860
748,2013-01-21,0.95,0.95,0.95,0.95,1
749,2013-01-25,0.91,0.91,0.9,0.9,1800
750,2013-01-28,0.85,0.9,0.85,0.9,4900
751,2013-01-29,0.76,0.88,0.76,0.88,4000
752,2013-01-31,0.8,0.8,0.8,0.8,2000
753,2013-02-01,0.83,1.14,0.83,1.14,96470
754,2013-02-04,1.2,1.44,1.16,1.19,20913
755,2013-02-05,1.26,1.33,1.01,1.09,18978
756,2013-02-06,1.0,1.0,0.88,0.99,17429
757,2013-02-07,0.85,0.85,0.7,0.7,43973
758,2013-02-08,0.7,0.84,0.69,0.84,43602
759,2013-02-11,0.92,1.01,0.84,1.01,17795
760,2013-02-12,0.95,1.2,0.95,1.06,39476
761,2013-02-13,1.0,1.0,0.84,1.0,32505
762,2013-02-14,0.95,1.0,0.91,1.0,6055
763,2013-02-15,0.92,1.0,0.92,1.0,3729
764,2013-02-20,0.91,0.91,0.9,0.9,1710
765,2013-02-21,0.83,0.9,0.83,0.9,3680
766,2013-02-22,0.95,1.0,0.95,1.0,2000
767,2013-02-26,1.03,1.03,1.03,1.03,200
768,2013-02-28,0.95,0.95,0.95,0.95,761
769,2013-03-01,0.98,0.98,0.98,0.98,1500
770,2013-03-05,1.05,1.05,1.05,1.05,200
771,2013-03-06,1.15,1.15,1.05,1.05,2000
772,2013-03-07,1.1,1.1,1.1,1.1,200
773,2013-03-12,0.95,1.32,0.95,1.03,10021
774,2013-03-13,0.89,0.9,0.85,0.88,16530
775,2013-03-14,0.84,0.84,0.84,0.84,44
776,2013-03-15,0.92,0.98,0.88,0.98,4800
777,2013-03-18,0.88,0.88,0.88,0.88,10
778,2013-03-19,0.88,0.88,0.88,0.88,1083
779,2013-03-20,0.88,0.96,0.88,0.96,5902
780,2013-03-21,0.9,0.9,0.9,0.9,2220
781,2013-03-22,0.94,0.94,0.94,0.94,100
782,2013-03-25,0.94,0.94,0.82,0.88,5280
783,2013-03-26,0.88,1.0,0.88,0.93,8150
784,2013-03-27,0.92,0.99,0.92,0.99,2282
785,2013-03-28,0.99,1.18,0.99,1.18,2050
786,2013-04-02,1.0,1.41,1.0,1.41,10250
787,2013-04-03,1.2,1.2,1.13,1.13,1500
788,2013-04-04,1.0,1.0,1.0,1.0,100
789,2013-04-05,1.13,1.13,1.13,1.13,10
790,2013-04-09,1.1,1.1,1.1,1.1,5
791,2013-04-10,1.13,1.13,1.1,1.1,1395
792,2013-04-11,1.05,1.05,1.05,1.05,1500
793,2013-04-17,1.0,1.0,1.0,1.0,1500
794,2013-04-24,1.05,1.1,1.05,1.1,1200
795,2013-04-25,1.1,1.2,1.1,1.2,6000
796,2013-04-29,1.12,1.12,1.12,1.12,1400
797,2013-05-02,1.22,1.22,1.22,1.22,200
798,2013-05-09,1.1,1.1,1.1,1.1,2300
799,2013-05-10,1.1,1.1,1.1,1.1,50
800,2013-05-14,1.0,1.0,1.0,1.0,1000
801,2013-05-15,0.95,0.95,0.95,0.95,1398
802,2013-05-22,0.9,0.93,0.9,0.93,796
803,2013-05-27,0.95,0.95,0.95,0.95,200
804,2013-05-31,0.95,0.95,0.95,0.95,1600
805,2013-06-05,0.96,0.96,0.96,0.96,1800
806,2013-06-06,1.0,1.0,1.0,1.0,200
807,2013-06-07,1.05,1.05,1.05,1.05,200
808,2013-06-10,0.9,0.9,0.9,0.9,447
809,2013-06-27,0.9,0.9,0.9,0.9,1300
810,2013-07-02,0.86,0.86,0.86,0.86,1500
811,2013-07-10,0.93,1.09,0.86,0.9,14944
812,2013-07-11,0.9,0.9,0.85,0.85,534
813,2013-07-30,0.9,0.9,0.9,0.9,50
814,2013-08-01,0.85,0.85,0.85,0.85,28
815,2013-08-14,0.9,0.9,0.9,0.9,29
816,2013-09-03,0.9,0.9,0.9,0.9,20
817,2013-09-04,0.9,0.9,0.9,0.9,10
818,2013-09-05,0.9,0.9,0.9,0.9,10
819,2013-09-10,0.83,0.83,0.83,0.83,340
820,2013-09-27,0.8,0.8,0.78,0.78,3300
821,2013-09-30,0.83,0.84,0.83,0.84,2000
822,2013-10-01,0.84,0.84,0.84,0.84,2500
823,2013-10-21,0.81,0.81,0.81,0.81,386
824,2013-10-25,0.86,0.94,0.86,0.94,5400
825,2013-11-14,0.93,0.93,0.93,0.93,20
826,2013-11-15,0.93,0.93,0.93,0.93,5
827,2013-11-18,0.93,0.93,0.93,0.93,5
828,2013-11-19,0.93,0.93,0.93,0.93,5
829,2013-11-20,0.93,0.93,0.93,0.93,5
830,2013-11-21,0.93,0.93,0.86,0.86,2408
831,2013-11-22,0.93,0.93,0.86,0.86,108
832,2013-11-28,0.82,0.82,0.82,0.82,1900
833,2013-12-02,0.8,0.8,0.8,0.8,3000
834,2013-12-20,0.74,0.8,0.72,0.8,1178
835,2013-12-23,0.82,0.85,0.77,0.85,4235
836,2013-12-30,0.81,0.81,0.81,0.81,1344
837,2014-01-28,0.76,0.76,0.76,0.76,1023
838,2014-02-17,0.78,0.9,0.73,0.9,7502
839,2014-02-18,0.89,0.89,0.77,0.77,2222
840,2014-02-19,0.77,0.77,0.77,0.77,1
841,2014-02-20,0.77,0.8,0.72,0.8,3100
842,2014-02-21,0.8,0.8,0.8,0.8,1000
843,2014-02-24,0.72,0.8,0.72,0.72,7
844,2014-02-25,0.72,0.72,0.72,0.72,3
845,2014-02-26,0.72,0.86,0.58,0.58,15108
846,2014-02-27,0.55,0.57,0.55,0.57,20
847,2014-02-28,0.57,0.57,0.57,0.57,20
848,2014-03-03,0.64,0.64,0.52,0.52,2957
849,2014-03-20,0.51,0.51,0.51,0.51,1414
850,2014-03-31,0.53,0.53,0.53,0.53,348
851,2014-04-08,0.54,0.54,0.54,0.54,5
852,2014-04-09,0.64,0.76,0.64,0.75,12096
853,2014-04-10,0.75,0.75,0.72,0.72,2500
854,2014-04-11,0.66,0.66,0.56,0.56,5949
855,2014-04-23,0.56,0.67,0.54,0.6,3034
856,2014-04-24,0.65,0.68,0.65,0.68,28
857,2014-04-25,0.68,0.68,0.68,0.68,15
858,2014-04-28,0.6,0.64,0.6,0.64,1210
859,2014-04-29,0.64,0.76,0.64,0.76,8501
860,2014-04-30,0.74,0.74,0.66,0.73,2007
861,2014-05-02,0.75,0.75,0.74,0.75,207
862,2014-05-05,0.75,0.75,0.65,0.66,4731
863,2014-05-06,0.66,0.68,0.63,0.64,1884
864,2014-05-07,0.64,0.68,0.61,0.68,1498
865,2014-05-08,0.65,0.65,0.63,0.65,130
866,2014-05-09,0.65,0.65,0.65,0.65,30
867,2014-05-12,0.65,0.65,0.65,0.65,55
868,2014-05-13,0.65,0.65,0.65,0.65,80
869,2014-05-14,0.63,0.63,0.6,0.6,355
870,2014-05-15,0.6,0.61,0.6,0.61,103
871,2014-05-16,0.61,0.61,0.61,0.61,50
872,2014-05-19,0.61,0.61,0.5,0.54,3385
873,2014-05-20,0.54,0.54,0.54,0.54,100
874,2014-05-21,0.53,0.61,0.53,0.57,808
875,2014-05-22,0.57,0.57,0.57,0.57,50
876,2014-05-23,0.57,0.6,0.56,0.6,11039
877,2014-05-26,0.6,0.6,0.6,0.6,120
878,2014-05-29,0.61,0.61,0.61,0.61,90
879,2014-05-30,0.61,0.73,0.61,0.73,626
880,2014-06-02,0.65,0.65,0.65,0.65,1050
881,2014-06-03,0.63,0.63,0.62,0.62,137
882,2014-06-13,0.63,0.63,0.63,0.63,850
883,2014-06-16,0.63,0.63,0.63,0.63,30
884,2014-06-17,0.63,0.63,0.63,0.63,40
885,2014-06-18,0.63,0.73,0.63,0.73,681
886,2014-06-23,0.73,0.73,0.61,0.73,5466
887,2014-06-24,0.75,0.75,0.75,0.75,1800
888,2014-06-25,0.69,0.82,0.69,0.82,14361
889,2014-06-26,0.82,0.82,0.82,0.82,5
890,2014-06-30,0.78,0.85,0.78,0.85,2352
891,2014-07-01,0.88,0.88,0.88,0.88,341
892,2014-07-02,0.91,0.91,0.91,0.91,10
893,2014-07-03,0.91,0.91,0.81,0.81,13058
894,2014-07-04,0.81,0.81,0.81,0.81,50
895,2014-07-07,0.81,0.81,0.81,0.81,20
896,2014-07-08,0.81,0.81,0.81,0.81,61
897,2014-07-09,0.81,0.81,0.81,0.81,150
898,2014-07-10,0.81,0.81,0.81,0.81,100
899,2014-07-11,0.84,0.84,0.84,0.84,100
900,2014-07-22,0.83,0.83,0.83,0.83,40
901,2014-07-23,0.83,0.83,0.83,0.83,30
902,2014-07-24,0.83,0.83,0.83,0.83,30
903,2014-07-25,0.83,0.83,0.83,0.83,40
904,2014-07-28,0.83,0.83,0.83,0.83,30
905,2014-07-29,0.83,0.83,0.83,0.83,30
906,2014-07-30,0.83,0.84,0.83,0.84,2083
907,2014-07-31,0.84,0.84,0.84,0.84,100
908,2014-08-01,0.84,0.84,0.84,0.84,20
909,2014-08-04,0.84,0.84,0.84,0.84,50
910,2014-08-05,0.84,0.92,0.84,0.92,5813
911,2014-08-06,0.92,0.92,0.89,0.89,5750
912,2014-08-07,0.92,0.92,0.92,0.92,30
913,2014-08-08,0.92,0.92,0.92,0.92,70
914,2014-08-11,0.92,0.98,0.92,0.98,1760
915,2014-08-12,0.99,0.99,0.99,0.99,40
916,2014-08-13,0.99,0.99,0.98,0.99,4740
917,2014-08-18,0.99,0.99,0.99,0.99,15
918,2014-08-19,0.99,0.99,0.99,0.99,30
919,2014-08-20,1.0,1.0,1.0,1.0,20
920,2014-08-21,1.0,1.0,0.88,0.88,2620
921,2014-08-22,0.91,0.91,0.88,0.88,1880
922,2014-09-18,0.89,0.89,0.84,0.84,1520
923,2014-10-09,0.85,0.85,0.78,0.78,800
924,2014-10-27,0.84,0.84,0.84,0.84,1850
925,2014-10-28,0.84,0.95,0.84,0.95,3230
926,2014-10-29,0.98,1.0,0.96,0.96,3540
927,2014-10-30,0.96,0.96,0.96,0.96,80
928,2014-10-31,0.95,0.95,0.95,0.95,375
929,2014-11-03,1.0,1.0,1.0,1.0,2315
930,2014-11-04,0.99,1.0,0.99,1.0,5030
931,2014-11-05,1.0,1.0,0.99,1.0,1015
932,2014-11-06,1.0,1.0,1.0,1.0,20
933,2014-11-07,1.0,1.0,1.0,1.0,20
934,2014-11-10,1.0,1.0,1.0,1.0,20
935,2014-11-12,1.0,1.0,1.0,1.0,15
936,2014-11-13,1.0,1.0,1.0,1.0,30
937,2014-11-14,1.0,1.0,1.0,1.0,20
938,2014-11-17,1.0,1.0,1.0,1.0,20
939,2014-11-18,1.0,1.0,0.96,0.96,30
940,2014-11-19,1.0,1.0,1.0,1.0,20
941,2014-11-20,1.0,1.0,1.0,1.0,20
942,2014-11-21,1.0,1.0,1.0,1.0,20
943,2014-11-24,1.0,1.0,0.99,1.0,1220
944,2014-11-25,1.0,1.0,1.0,1.0,20
945,2014-11-26,1.0,1.0,1.0,1.0,20
946,2014-11-27,1.0,1.0,1.0,1.0,20
947,2014-11-28,1.0,1.0,0.94,0.94,853
948,2014-12-02,0.92,0.92,0.9,0.9,500
949,2014-12-09,0.85,0.85,0.84,0.84,500
950,2014-12-17,0.81,0.81,0.81,0.81,50
951,2014-12-18,0.81,0.81,0.81,0.81,60
952,2014-12-19,0.81,0.81,0.81,0.81,30
953,2014-12-22,0.81,0.81,0.81,0.81,70
954,2014-12-23,0.81,0.81,0.81,0.81,70
955,2014-12-29,0.81,0.81,0.81,0.81,70
956,2014-12-30,0.81,0.81,0.81,0.81,80
957,2015-01-09,0.82,0.84,0.82,0.84,1800
958,2015-01-12,0.86,0.86,0.86,0.86,1180
959,2015-01-13,0.86,0.86,0.86,0.86,100
960,2015-01-14,0.86,0.86,0.86,0.86,20
961,2015-01-15,0.86,0.86,0.86,0.86,20
962,2015-01-16,0.86,0.86,0.86,0.86,70
963,2015-01-19,0.86,0.86,0.86,0.86,30
964,2015-01-20,0.86,0.86,0.86,0.86,30
965,2015-01-21,0.86,0.86,0.86,0.86,30
966,2015-01-22,0.86,0.86,0.86,0.86,20
967,2015-01-23,0.86,0.86,0.86,0.86,30
968,2015-01-26,0.86,0.86,0.86,0.86,30
969,2015-01-27,0.86,0.86,0.86,0.86,30
970,2015-01-28,0.86,0.86,0.86,0.86,30
971,2015-01-29,0.86,0.86,0.86,0.86,30
972,2015-01-30,0.86,0.86,0.86,0.86,30
973,2015-02-04,0.86,0.86,0.86,0.86,50
974,2015-02-05,0.86,0.86,0.86,0.86,60
975,2015-02-06,0.86,0.86,0.86,0.86,80
976,2015-02-09,0.86,0.86,0.86,0.86,60
977,2015-02-10,0.86,0.86,0.86,0.86,70
978,2015-02-12,0.86,0.86,0.86,0.86,40
979,2015-02-13,0.86,0.86,0.86,0.86,50
980,2015-02-16,0.86,0.86,0.86,0.86,30
981,2015-02-17,0.86,0.86,0.81,0.81,60
982,2015-03-06,0.85,0.85,0.85,0.85,100
983,2015-03-12,0.85,0.85,0.85,0.85,701
984,2015-03-30,0.86,0.86,0.84,0.84,320
985,2015-04-20,0.85,1.0,0.85,1.0,2000
986,2015-04-21,1.0,1.0,1.0,1.0,20
987,2015-04-22,1.0,1.0,1.0,1.0,7530
988,2015-04-23,1.0,1.0,1.0,1.0,12
989,2015-04-24,1.0,1.0,1.0,1.0,15
990,2015-04-27,1.0,1.0,1.0,1.0,10
991,2015-04-28,1.0,1.0,1.0,1.0,10
992,2015-04-29,1.0,1.0,1.0,1.0,15
993,2015-04-30,1.0,1.0,1.0,1.0,10
994,2015-05-04,1.0,1.0,1.0,1.0,4443
995,2015-05-06,1.05,1.1,1.05,1.1,19467
996,2015-05-07,1.1,1.1,1.01,1.01,15104
997,2015-05-20,1.04,1.1,1.04,1.1,21235
998,2015-05-21,1.1,1.1,1.1,1.1,10
999,2015-05-22,1.1,1.1,1.1,1.1,10
1000,2015-05-25,1.1,1.1,1.1,1.1,10
1001,2015-05-26,1.1,1.1,1.1,1.1,10
1002,2015-05-27,1.1,1.1,1.1,1.1,10
1003,2015-05-28,1.1,1.1,1.1,1.1,10
1004,2015-05-29,1.1,1.1,1.1,1.1,10
1005,2015-06-01,1.1,1.1,1.1,1.1,10
1006,2015-06-02,1.1,1.1,1.1,1.1,10
1007,2015-06-03,1.1,1.1,1.1,1.1,10
1008,2015-06-05,1.1,1.1,1.1,1.1,10
1009,2015-06-08,1.1,1.1,1.1,1.1,10
1010,2015-06-09,1.1,1.1,1.1,1.1,10
1011,2015-06-10,1.1,1.1,1.1,1.1,10
1012,2015-06-11,1.1,1.1,1.1,1.1,10
1013,2015-06-12,1.1,1.1,1.1,1.1,10
1014,2015-06-15,1.1,1.1,1.1,1.1,10
1015,2015-06-16,1.1,1.1,1.1,1.1,1510
1016,2015-06-17,1.1,1.1,1.1,1.1,10
1017,2015-06-18,1.1,1.1,1.1,1.1,10
1018,2015-06-19,1.1,1.1,1.1,1.1,10
1019,2015-06-22,1.1,1.1,1.0,1.0,1060
1020,2015-06-23,0.97,0.97,0.78,0.78,1830
1021,2015-07-09,0.78,0.78,0.72,0.72,120
1022,2015-07-23,0.65,0.69,0.65,0.69,3550
1023,2015-07-24,0.64,0.7,0.52,0.7,19580
1024,2015-08-05,0.7,0.83,0.7,0.83,1132
1025,2015-08-06,0.83,0.88,0.83,0.88,340
1026,2015-08-14,0.91,1.09,0.91,1.09,2100
1027,2015-08-17,1.09,1.09,1.09,1.09,10
1028,2015-08-18,1.08,1.08,0.99,0.99,270
1029,2015-08-19,0.99,0.99,0.99,0.99,20
1030,2015-08-20,0.99,0.99,0.99,0.99,20
1031,2015-08-21,0.99,0.99,0.99,0.99,20
1032,2015-08-24,0.99,0.99,0.95,0.95,150
1033,2015-08-25,0.92,0.92,0.88,0.89,1170
1034,2015-08-26,0.94,0.94,0.94,0.94,20
1035,2015-08-27,0.94,0.94,0.94,0.94,20
1036,2015-08-28,0.94,0.94,0.94,0.94,20
1037,2015-08-31,0.99,0.99,0.99,0.99,20
1038,2015-09-01,1.04,1.04,1.04,1.04,10
1039,2015-09-02,1.03,1.03,0.84,0.84,330
1040,2015-09-07,0.85,0.85,0.85,0.85,1
1041,2015-09-09,0.9,0.9,0.9,0.9,300
1042,2015-09-10,0.9,0.9,0.83,0.83,199
1043,2015-09-11,0.83,0.83,0.75,0.75,171
1044,2015-09-30,0.8,0.85,0.8,0.85,360
1045,2015-10-01,0.85,0.95,0.7,0.8,3878
1046,2015-10-02,0.89,0.95,0.89,0.95,410
1047,2015-10-05,0.99,0.99,0.99,0.99,90
1048,2015-10-06,0.99,1.1,0.99,1.1,29990
1049,2015-10-07,1.1,1.1,1.09,1.1,3160
1050,2015-10-08,1.1,1.1,1.1,1.1,12690
1051,2015-10-09,1.1,1.1,1.1,1.1,10320
1052,2015-10-12,1.1,1.1,1.1,1.1,1220
1053,2015-10-13,1.09,1.09,1.09,1.09,10
1054,2015-10-14,1.1,1.1,1.03,1.03,350
1055,2015-10-19,1.04,1.04,1.04,1.04,10
1056,2015-10-20,1.07,1.07,1.07,1.07,10
1057,2015-10-21,1.04,1.1,0.99,1.1,24330
1058,2015-10-22,1.1,1.1,1.1,1.1,9010
1059,2015-10-23,1.1,1.1,1.1,1.1,10
1060,2015-10-26,1.1,1.3,1.01,1.3,27490
1061,2015-10-27,1.36,1.63,1.34,1.63,14961
1062,2015-10-28,1.65,1.78,1.55,1.68,6544
1063,2015-10-29,1.61,1.88,1.55,1.65,8905
1064,2015-10-30,1.5,1.5,1.38,1.38,2044
1065,2015-11-02,1.38,1.6,1.38,1.6,2758
1066,2015-11-03,1.5,2.15,1.5,1.85,5420
1067,2015-11-04,1.84,2.1,1.5,1.5,6350
1068,2015-11-06,1.55,1.55,1.55,1.55,10
1069,2015-11-09,1.55,1.55,1.32,1.35,4557
1070,2015-11-10,1.3,1.3,1.15,1.18,1590
1071,2015-11-12,1.15,1.15,1.03,1.14,1333
1072,2015-11-18,1.1,1.1,1.05,1.05,1200
1073,2015-11-19,1.05,1.05,1.05,1.05,10
1074,2015-11-20,1.05,1.05,1.05,1.05,10
1075,2015-11-30,1.1,1.1,0.9,0.9,1510
1076,2015-12-01,0.91,0.91,0.74,0.74,14267
1077,2015-12-02,0.72,0.8,0.7,0.8,23000
1078,2015-12-03,0.85,0.85,0.85,0.85,20
1079,2015-12-04,0.85,0.85,0.77,0.77,1450
1080,2015-12-08,0.77,0.77,0.69,0.71,16450
1081,2015-12-09,0.7,0.75,0.7,0.75,11643
1082,2015-12-10,0.78,0.83,0.78,0.83,2813
1083,2015-12-14,0.75,0.85,0.66,0.85,2750
1084,2015-12-15,0.74,0.85,0.74,0.85,2968
1085,2015-12-16,0.85,0.86,0.85,0.86,1275
1086,2015-12-17,0.82,0.82,0.72,0.72,2000
1087,2015-12-18,0.72,0.72,0.67,0.67,1700
1088,2015-12-21,0.73,0.77,0.69,0.77,1437
1089,2015-12-22,0.71,0.71,0.71,0.71,5836
1090,2015-12-28,0.71,0.71,0.57,0.62,2350
1091,2015-12-29,0.68,0.78,0.68,0.78,5732
1092,2016-01-04,0.78,0.78,0.78,0.78,150
1093,2016-01-05,0.77,0.84,0.77,0.84,2595
1094,2016-01-07,0.83,0.83,0.83,0.83,20
1095,2016-01-08,0.83,0.83,0.83,0.83,20
1096,2016-01-11,0.83,0.83,0.83,0.83,20
1097,2016-01-12,0.83,0.83,0.83,0.83,20
1098,2016-01-13,0.83,0.83,0.83,0.83,20
1099,2016-01-14,0.83,0.83,0.83,0.83,20
1100,2016-01-15,0.83,0.83,0.83,0.83,20
1101,2016-01-18,0.83,0.83,0.74,0.77,4271
1102,2016-01-19,0.78,0.78,0.67,0.67,6938
1103,2016-01-21,0.66,0.7,0.63,0.7,6314
1104,2016-01-26,0.74,0.75,0.74,0.75,1500
1105,2016-01-29,0.74,0.82,0.74,0.82,5385
1106,2016-02-01,0.95,0.95,0.78,0.78,2700
1107,2016-02-09,0.78,0.78,0.76,0.76,1000
1108,2016-02-10,0.76,0.76,0.76,0.76,20
1109,2016-02-11,0.76,0.76,0.76,0.76,20
1110,2016-02-12,0.76,0.81,0.76,0.81,525
1111,2016-02-16,0.78,0.78,0.77,0.77,1000
1112,2016-02-17,0.76,0.76,0.76,0.76,10
1113,2016-02-18,0.76,0.76,0.76,0.76,10
1114,2016-02-19,0.76,0.76,0.76,0.76,10
1115,2016-02-22,0.76,0.76,0.76,0.76,20
1116,2016-02-23,0.76,0.76,0.76,0.76,20
1117,2016-02-24,0.76,0.76,0.76,0.76,30
1118,2016-02-25,0.76,0.76,0.76,0.76,20
1119,2016-02-26,0.76,0.76,0.76,0.76,20
1120,2016-02-29,0.76,0.76,0.76,0.76,20
1121,2016-03-01,0.75,0.75,0.75,0.75,20
1122,2016-03-02,0.75,0.75,0.75,0.75,20
1123,2016-03-03,0.75,0.75,0.75,0.75,20
1124,2016-03-04,0.75,0.75,0.75,0.75,20
1125,2016-03-07,0.75,0.75,0.75,0.75,20
1126,2016-03-08,0.75,0.75,0.75,0.75,20
1127,2016-03-09,0.75,0.75,0.75,0.75,20
1128,2016-03-10,0.75,0.75,0.75,0.75,4024
1129,2016-03-11,0.73,0.73,0.71,0.71,1830
1130,2016-03-14,0.7,0.7,0.7,0.7,20
1131,2016-03-15,0.7,0.71,0.7,0.71,2573
1132,2016-04-14,0.67,0.67,0.66,0.66,1500
1133,2016-04-19,0.66,0.66,0.63,0.63,22
1134,2016-04-20,0.66,0.66,0.66,0.66,20
1135,2016-04-21,0.66,0.66,0.66,0.66,20
1136,2016-04-22,0.66,0.66,0.61,0.61,2020
1137,2016-05-05,0.63,0.65,0.63,0.65,830
1138,2016-05-06,0.66,0.66,0.66,0.66,20
1139,2016-05-09,0.66,0.66,0.66,0.66,30
1140,2016-05-10,0.66,0.66,0.66,0.66,20
1141,2016-05-11,0.66,0.66,0.66,0.66,20
1142,2016-05-12,0.66,0.66,0.66,0.66,20
1143,2016-05-13,0.66,0.66,0.66,0.66,20
1144,2016-05-16,0.66,0.66,0.66,0.66,20
1145,2016-05-17,0.66,0.66,0.66,0.66,20
1146,2016-05-18,0.66,0.66,0.66,0.66,20
1147,2016-05-19,0.66,0.66,0.66,0.66,20
1148,2016-05-20,0.66,0.66,0.66,0.66,20
1149,2016-05-23,0.66,0.66,0.66,0.66,20
1150,2016-05-24,0.66,0.66,0.66,0.66,20
1151,2016-05-25,0.66,0.66,0.66,0.66,30
1152,2016-05-27,0.66,0.66,0.66,0.66,20
1153,2016-05-30,0.66,0.66,0.66,0.66,30
1154,2016-05-31,0.66,0.66,0.66,0.66,20
1155,2016-06-01,0.66,0.66,0.66,0.66,20
1156,2016-06-02,0.66,0.66,0.66,0.66,35
1157,2016-06-14,0.68,0.69,0.68,0.69,1964
1158,2016-06-15,0.69,0.69,0.67,0.67,2581
1159,2016-06-16,0.67,0.67,0.67,0.67,20
1160,2016-06-17,0.67,0.67,0.67,0.67,30
1161,2016-06-20,0.67,0.67,0.67,0.67,100
1162,2016-06-21,0.67,0.67,0.67,0.67,30
1163,2016-06-22,0.67,0.67,0.67,0.67,20
1164,2016-06-23,0.67,0.67,0.67,0.67,20
1165,2016-06-24,0.67,0.67,0.67,0.67,20
1166,2016-06-27,0.67,0.67,0.67,0.67,30
1167,2016-06-28,0.67,0.67,0.67,0.67,30
1168,2016-06-29,0.67,0.67,0.67,0.67,30
1169,2016-06-30,0.67,0.67,0.67,0.67,30
1170,2016-07-01,0.67,0.67,0.67,0.67,30
1171,2016-07-04,0.67,0.67,0.67,0.67,30
1172,2016-07-05,0.67,0.67,0.67,0.67,30
1173,2016-07-06,0.67,0.67,0.67,0.67,40
1174,2016-07-07,0.67,0.67,0.67,0.67,40
1175,2016-07-08,0.67,0.67,0.67,0.67,40
1176,2016-07-11,0.68,0.68,0.68,0.68,50
1177,2016-07-12,0.68,0.68,0.68,0.68,50
1178,2016-07-13,0.68,0.68,0.68,0.68,100
1179,2016-07-14,0.68,0.68,0.68,0.68,50
1180,2016-07-15,0.68,0.68,0.68,0.68,50
1181,2016-07-18,0.68,0.68,0.68,0.68,30
1182,2016-07-19,0.68,0.68,0.68,0.68,50
1183,2016-07-20,0.68,0.68,0.68,0.68,30
1184,2016-07-21,0.68,0.68,0.68,0.68,50
1185,2016-07-22,0.68,0.68,0.68,0.68,30
1186,2016-07-25,0.69,0.69,0.69,0.69,50
1187,2016-07-26,0.69,0.69,0.69,0.69,50
1188,2016-07-27,0.69,0.69,0.69,0.69,50
1189,2016-07-28,0.69,0.69,0.69,0.69,40
1190,2016-07-29,0.69,0.69,0.69,0.69,50
1191,2016-08-01,0.69,0.69,0.69,0.69,50
1192,2016-08-02,0.69,0.69,0.69,0.69,30
1193,2016-08-03,0.67,0.67,0.67,0.67,50
1194,2016-08-04,0.67,0.67,0.67,0.67,50
1195,2016-08-08,0.65,0.65,0.65,0.65,100
1196,2016-08-23,0.67,0.67,0.67,0.67,60
1197,2016-08-25,0.65,0.65,0.65,0.65,160
1198,2016-08-26,0.64,0.64,0.64,0.64,100
1199,2016-09-01,0.63,0.63,0.63,0.63,60
1200,2016-09-02,0.63,0.63,0.63,0.63,50
1201,2016-09-05,0.63,0.63,0.63,0.63,50
1202,2016-09-06,0.63,0.63,0.63,0.63,30
1203,2016-09-07,0.63,0.63,0.63,0.63,30
1204,2016-09-08,0.63,0.63,0.63,0.63,30
1205,2016-09-09,0.63,0.63,0.63,0.63,50
1206,2016-09-12,0.63,0.63,0.63,0.63,19
1207,2016-09-20,0.64,0.65,0.64,0.65,290
1208,2016-09-21,0.68,0.68,0.68,0.68,100
1209,2016-09-22,0.68,0.69,0.68,0.69,991
1210,2016-09-23,0.7,0.7,0.7,0.7,50
1211,2016-09-26,0.7,0.7,0.7,0.7,30
1212,2016-09-27,0.7,0.7,0.7,0.7,50
1213,2016-09-28,0.7,0.7,0.7,0.7,10
1214,2016-10-07,0.7,0.7,0.7,0.7,40
1215,2016-10-11,0.67,0.67,0.66,0.66,150
1216,2016-10-12,0.66,0.66,0.66,0.66,50
1217,2016-10-25,0.67,0.67,0.67,0.67,30
1218,2016-10-26,0.67,0.67,0.67,0.67,30
1219,2016-10-27,0.67,0.67,0.67,0.67,30
1220,2016-10-28,0.67,0.67,0.67,0.67,30
1221,2016-10-31,0.67,0.67,0.67,0.67,50
1222,2016-11-02,0.67,0.67,0.67,0.67,30
1223,2016-11-03,0.67,0.67,0.67,0.67,30
1224,2016-11-04,0.67,0.67,0.67,0.67,30
1225,2016-11-07,0.67,0.67,0.67,0.67,30
1226,2016-11-08,0.67,0.67,0.67,0.67,30
1227,2016-11-09,0.67,0.67,0.67,0.67,30
1228,2016-11-10,0.67,0.67,0.67,0.67,30
1229,2016-11-14,0.67,0.67,0.67,0.67,30
1230,2016-11-15,0.67,0.67,0.67,0.67,30
1231,2016-11-16,0.67,0.67,0.67,0.67,12
1232,2016-11-21,0.67,0.67,0.63,0.63,418
1233,2016-11-23,0.63,0.63,0.61,0.61,482
1234,2016-12-13,0.61,0.61,0.55,0.55,508
1235,2016-12-14,0.53,0.53,0.52,0.52,2000
1236,2016-12-15,0.51,0.53,0.49,0.53,2242
1237,2016-12-16,0.57,0.57,0.57,0.57,1000
1238,2016-12-20,0.49,0.49,0.49,0.49,292
1239,2016-12-22,0.45,0.55,0.4,0.55,3120
1240,2016-12-28,0.47,0.55,0.47,0.55,3100
1241,2016-12-29,0.55,0.55,0.55,0.55,20
1242,2016-12-30,0.55,0.55,0.44,0.5,1680
1243,2017-01-05,0.55,0.55,0.55,0.55,710
1244,2017-01-09,0.66,0.66,0.66,0.66,925
1245,2017-01-11,0.58,0.58,0.58,0.58,2709
1246,2017-01-18,0.52,0.53,0.48,0.53,5077
1247,2017-01-25,0.51,0.51,0.51,0.51,103
1248,2017-01-26,0.51,0.52,0.44,0.51,6211
1249,2017-01-27,0.51,0.51,0.45,0.45,2380
1250,2017-01-30,0.45,0.45,0.45,0.45,100
1251,2017-01-31,0.45,0.53,0.45,0.53,4110
1252,2017-02-01,0.6,0.6,0.6,0.6,1667
1253,2017-02-02,0.65,0.65,0.65,0.65,200
1254,2017-02-06,0.7,0.83,0.7,0.83,622
1255,2017-02-07,0.7,0.77,0.69,0.77,3430
1256,2017-02-20,0.7,0.7,0.7,0.7,1000
1257,2017-02-22,0.7,0.7,0.7,0.7,110
1258,2017-02-27,0.7,0.7,0.7,0.7,313
1259,2017-04-28,0.63,0.63,0.63,0.63,1588
1260,2017-07-18,0.6,0.6,0.6,0.6,1513
1261,2017-10-24,0.55,0.55,0.55,0.55,1819
1262,2017-10-25,0.47,0.47,0.47,0.47,1181
1263,2017-11-29,0.47,0.47,0.47,0.47,107
1264,2018-09-25,0.09,0.1,0.09,0.1,7612
1265,2018-10-29,0.12,0.12,0.1,0.1,1571
1266,2018-10-30,0.09,0.09,0.09,0.09,4910
1267,2018-10-31,0.1,0.12,0.1,0.12,13
1268,2018-11-02,0.14,0.16,0.14,0.16,8369
1269,2018-11-05,0.19,0.19,0.19,0.19,20
1270,2018-11-06,0.2,0.2,0.2,0.2,2535
1271,2018-11-07,0.2,0.2,0.2,0.2,1814
1272,2018-11-08,0.2,0.2,0.2,0.2,2
1273,2018-11-09,0.19,0.19,0.19,0.19,2
1274,2018-11-13,0.19,0.19,0.19,0.19,10
1275,2018-11-14,0.19,0.19,0.19,0.19,2
1276,2018-11-15,0.19,0.2,0.16,0.2,20548
1277,2018-11-16,0.2,0.2,0.2,0.2,16
1278,2018-11-19,0.2,0.2,0.2,0.2,1
1279,2018-11-20,0.2,0.2,0.2,0.2,5
1280,2018-11-21,0.2,0.2,0.2,0.2,2
1281,2018-11-22,0.2,0.2,0.2,0.2,4
1282,2018-11-23,0.2,0.2,0.2,0.2,5
1283,2018-11-26,0.2,0.2,0.2,0.2,5
1284,2018-11-27,0.2,0.2,0.2,0.2,5
1285,2018-11-28,0.2,0.2,0.2,0.2,2
1286,2018-11-29,0.2,0.2,0.17,0.2,1502
1287,2018-11-30,0.2,0.2,0.2,0.2,2
1288,2018-12-03,0.2,0.2,0.2,0.2,3
1289,2018-12-04,0.2,0.2,0.2,0.2,2
1290,2018-12-05,0.2,0.2,0.2,0.2,5
1291,2018-12-06,0.2,0.2,0.2,0.2,4
1292,2018-12-07,0.2,0.2,0.2,0.2,3
1293,2018-12-10,0.2,0.2,0.2,0.2,2
1294,2018-12-11,0.2,0.2,0.2,0.2,2
1295,2018-12-12,0.2,0.2,0.2,0.2,1
1296,2018-12-13,0.2,0.2,0.2,0.2,3
1297,2018-12-14,0.2,0.2,0.2,0.2,8
1298,2018-12-17,0.2,0.2,0.2,0.2,2
1299,2018-12-18,0.2,0.2,0.2,0.2,7
1300,2018-12-19,0.2,0.2,0.2,0.2,3
1301,2018-12-20,0.2,0.2,0.2,0.2,5
1302,2018-12-21,0.2,0.2,0.2,0.2,5
1303,2018-12-27,0.2,0.2,0.2,0.2,2
1304,2018-12-28,0.2,0.2,0.2,0.2,2
1305,2019-01-28,0.22,0.26,0.22,0.26,5000
1306,2019-01-29,0.31,0.37,0.31,0.37,3010
1307,2019-01-30,0.44,0.52,0.35,0.35,28129
1308,2019-01-31,0.42,0.42,0.35,0.35,2002
1309,2019-02-01,0.42,0.42,0.34,0.34,405
1310,2019-02-04,0.34,0.34,0.34,0.34,3
1311,2019-02-05,0.34,0.34,0.34,0.34,3
1312,2019-02-06,0.38,0.38,0.34,0.34,502
1313,2019-02-07,0.4,0.4,0.4,0.4,10
1314,2019-02-08,0.41,0.41,0.41,0.41,2
1315,2019-02-11,0.41,0.41,0.41,0.41,2
1316,2019-02-12,0.41,0.42,0.33,0.35,110800
1317,2019-02-13,0.39,0.39,0.26,0.33,26726
1318,2019-02-14,0.32,0.32,0.32,0.32,3
1319,2019-02-15,0.32,0.32,0.32,0.32,2
1320,2019-02-18,0.32,0.32,0.32,0.32,3
1321,2019-02-19,0.32,0.32,0.32,0.32,10
1322,2019-02-20,0.32,0.32,0.32,0.32,20
1323,2019-02-25,0.32,0.32,0.32,0.32,20
1324,2019-02-27,0.32,0.32,0.32,0.32,15
1325,2019-02-28,0.32,0.32,0.32,0.32,33
1326,2019-03-01,0.32,0.32,0.32,0.32,44
1327,2019-03-04,0.32,0.32,0.32,0.32,33
1328,2019-03-06,0.318,0.318,0.318,0.32,28
1329,2019-03-11,0.318,0.318,0.318,0.32,42
1330,2019-03-12,0.318,0.318,0.318,0.32,38
1331,2019-03-13,0.318,0.318,0.318,0.32,66
1332,2019-03-18,0.318,0.318,0.318,0.32,47
1333,2019-03-19,0.26,0.28,0.208,0.28,1417
1334,2019-03-20,0.21,0.21,0.21,0.21,8000
1335,2019-03-21,0.238,0.238,0.238,0.24,648
1336,2019-03-25,0.238,0.238,0.238,0.24,36
1337,2019-03-26,0.238,0.238,0.238,0.24,44
1338,2019-03-27,0.238,0.238,0.238,0.24,28
1339,2019-03-28,0.238,0.238,0.238,0.24,40
1340,2019-03-29,0.238,0.238,0.238,0.24,30
1341,2019-04-01,0.238,0.238,0.238,0.24,15
1342,2019-04-02,0.238,0.238,0.238,0.24,40
1343,2019-04-05,0.238,0.238,0.238,0.24,30
1344,2019-04-09,0.238,0.238,0.238,0.24,38
1345,2019-04-10,0.238,0.238,0.238,0.24,40
1346,2019-04-17,0.238,0.238,0.238,0.24,25
1347,2019-04-23,0.23,0.23,0.23,0.23,10
1348,2019-04-30,0.23,0.23,0.23,0.23,12
1349,2019-05-06,0.23,0.23,0.23,0.23,18
1350,2019-05-29,0.2,0.2,0.2,0.2,46
1351,2019-05-30,0.2,0.2,0.2,0.2,22
1352,2019-05-31,0.2,0.2,0.2,0.2,20
1353,2019-06-03,0.2,0.2,0.2,0.2,28
1354,2019-06-04,0.2,0.2,0.2,0.2,44
1355,2019-06-05,0.2,0.2,0.2,0.2,44
1356,2019-06-06,0.2,0.2,0.2,0.2,20
1357,2019-06-07,0.2,0.2,0.2,0.2,50
1358,2019-06-13,0.2,0.2,0.2,0.2,8
1359,2019-06-14,0.2,0.2,0.2,0.2,11
1360,2019-06-17,0.2,0.2,0.2,0.2,33
1361,2019-06-19,0.2,0.2,0.2,0.2,12
1362,2019-06-21,0.2,0.2,0.2,0.2,45
1363,2019-06-25,0.2,0.2,0.2,0.2,44
1364,2019-06-28,0.2,0.2,0.2,0.2,30
1365,2019-07-01,0.23,0.23,0.23,0.23,45
1366,2019-07-26,0.21,0.22,0.21,0.22,20790
1367,2019-08-01,0.22,0.22,0.22,0.22,50
1368,2019-08-02,0.22,0.22,0.22,0.22,50
1369,2019-08-05,0.22,0.22,0.22,0.22,18
1370,2019-08-06,0.22,0.22,0.22,0.22,10
1371,2019-08-07,0.22,0.22,0.22,0.22,20
1372,2019-08-08,0.22,0.22,0.22,0.22,10
1373,2019-08-14,0.22,0.22,0.22,0.22,33
1374,2019-08-16,0.22,0.22,0.22,0.22,15
1375,2019-08-19,0.22,0.22,0.22,0.22,33
1376,2019-08-22,0.22,0.22,0.22,0.22,25
1377,2019-08-23,0.22,0.22,0.22,0.22,39
1378,2019-09-02,0.22,0.22,0.22,0.22,15
1379,2019-09-03,0.22,0.22,0.22,0.22,22
1380,2019-09-05,0.22,0.22,0.22,0.22,12
1381,2019-09-06,0.22,0.22,0.22,0.22,15
1382,2019-09-09,0.22,0.22,0.22,0.22,15
1383,2019-09-12,0.22,0.22,0.22,0.22,50
1384,2019-09-13,0.22,0.22,0.22,0.22,20
1385,2019-09-16,0.22,0.22,0.22,0.22,30
1386,2019-09-17,0.22,0.22,0.22,0.22,30
1387,2019-09-18,0.22,0.22,0.22,0.22,33
1388,2019-09-19,0.18,0.2,0.18,0.18,11800
1389,2019-09-20,0.2,0.2,0.2,0.2,36
1390,2019-09-23,0.2,0.2,0.2,0.2,35
1391,2019-09-24,0.2,0.2,0.2,0.2,44
1392,2019-09-30,0.2,0.2,0.2,0.2,50
1393,2019-10-04,0.2,0.2,0.2,0.2,33
1394,2019-10-11,0.2,0.2,0.2,0.2,25
1395,2019-10-14,0.2,0.2,0.2,0.2,20
1396,2019-10-21,0.2,0.2,0.2,0.2,15
1397,2019-10-31,0.2,0.2,0.2,0.2,33
1398,2019-11-05,0.179,0.179,0.179,0.179,40
1399,2019-11-15,0.179,0.179,0.179,0.179,50
1400,2019-12-02,0.144,0.144,0.144,0.144,6894
1401,2019-12-03,0.13,0.13,0.13,0.13,3890
1402,2019-12-06,0.104,0.104,0.104,0.104,1353
1403,2019-12-17,0.09,0.09,0.09,0.09,3527
1404,2019-12-18,0.09,0.09,0.09,0.09,1000
1405,2019-12-19,0.09,0.09,0.09,0.09,200
1406,2019-12-23,0.09,0.09,0.09,0.09,273
1407,2020-01-22,0.09,0.09,0.09,0.09,5515
1408,2020-02-05,0.09,0.09,0.09,0.09,44314
1409,2020-02-26,0.09,0.09,0.09,0.09,140000
1410,2020-03-04,0.12,0.12,0.12,0.12,153612
1411,2020-03-11,0.16,0.16,0.16,0.16,8207
1412,2020-03-13,0.2,0.2,0.2,0.2,7000
1413,2020-03-17,0.24,0.24,0.24,0.24,9700
1414,2020-03-18,0.26,0.26,0.26,0.26,5000
1415,2020-03-20,0.26,0.312,0.26,0.312,8180
1416,2020-03-23,0.35,0.35,0.35,0.35,10264
1417,2020-03-25,0.35,0.35,0.35,0.35,1000
1418,2020-03-26,0.35,0.35,0.35,0.35,10000
1419,2020-03-27,0.4,0.4,0.4,0.4,5000
1420,2020-03-30,0.38,0.38,0.38,0.38,6000
1421,2020-04-03,0.4,0.42,0.4,0.42,7944
1422,2020-04-06,0.5,0.5,0.5,0.5,28000
1423,2020-04-07,0.54,0.54,0.54,0.54,10940
1424,2020-04-09,0.56,0.56,0.54,0.54,8800
1425,2020-04-14,0.5,0.5,0.5,0.5,6600
1426,2020-04-21,0.5,0.5,0.5,0.5,1090
1427,2020-04-22,0.5,0.5,0.5,0.5,2500
1428,2020-04-23,0.5,0.5,0.5,0.5,2800
1429,2020-04-27,0.56,0.56,0.56,0.56,400
1430,2020-05-04,0.5,0.5,0.5,0.5,2200
1431,2020-05-08,0.48,0.48,0.41,0.41,12576
1432,2020-05-11,0.41,0.41,0.41,0.41,3566
1433,2020-05-22,0.45,0.45,0.45,0.45,5000
1434,2020-05-25,0.5,0.5,0.5,0.5,5000
1435,2020-05-26,0.56,0.6,0.56,0.6,18476
1436,2020-06-02,0.7,0.7,0.7,0.7,3840
1437,2020-06-03,0.75,0.755,0.75,0.755,11885
1438,2020-06-04,0.8,0.8,0.8,0.8,20
1439,2020-06-08,0.83,0.88,0.83,0.88,4000
1440,2020-06-09,0.98,0.98,0.98,0.98,1888
1441,2020-06-10,1.08,1.26,1.08,1.26,5078
1442,2020-06-12,1.3,1.4,1.3,1.4,11040
1443,2020-06-15,1.46,1.46,1.46,1.46,1000
1444,2020-06-16,1.4,1.4,1.4,1.4,397
1445,2020-06-18,1.4,1.6,1.4,1.6,2672
1446,2020-06-19,1.59,1.59,1.58,1.58,389
1447,2020-06-22,1.58,1.58,1.5,1.5,3310
1448,2020-06-23,1.49,1.49,1.49,1.49,1000
1449,2020-06-24,1.48,1.48,1.48,1.48,2000
1450,2020-06-25,1.49,1.49,1.49,1.49,9000
1451,2020-06-26,1.47,1.52,1.47,1.52,41466
1452,2020-06-29,1.5,1.63,1.5,1.63,39234
1453,2020-06-30,2.0,2.0,2.0,2.0,20600
1454,2020-07-01,2.4,2.8,2.36,2.66,74794
1455,2020-07-02,2.66,2.8,2.6,2.68,26616
1456,2020-07-03,2.68,2.96,2.68,2.96,62796
1457,2020-07-06,3.0,3.24,3.0,3.24,35149
1458,2020-07-07,3.24,3.24,3.14,3.16,11885
1459,2020-07-08,3.16,3.16,2.9,3.04,21110
1460,2020-07-09,3.0,3.14,2.98,3.14,65623
1461,2020-07-10,3.16,3.4,3.16,3.4,24256
1462,2020-07-13,3.4,3.46,3.4,3.46,9010
1463,2020-07-14,3.42,3.58,3.4,3.54,8240
1464,2020-07-15,3.6,3.62,3.58,3.58,5574
1465,2020-07-16,3.56,3.56,3.48,3.52,5750
1466,2020-07-17,3.52,3.6,3.52,3.6,11853
1467,2020-07-20,3.6,4.86,3.6,4.68,8857
1468,2020-07-21,4.5,5.3,4.5,5.0,28341
1469,2020-07-22,5.75,5.75,4.9,5.45,38384
1470,2020-07-23,5.4,5.5,5.3,5.45,8190
1471,2020-07-24,5.5,5.5,5.45,5.45,1661
1472,2020-07-27,5.3,5.3,4.8,5.0,8510
1473,2020-07-28,5.05,5.15,4.1,4.8,12973
1474,2020-07-29,5.6,6.0,5.2,5.95,15902
1475,2020-07-30,5.9,5.9,5.0,5.5,27267
1476,2020-07-31,5.4,5.4,5.0,5.2,3201
1477,2020-08-03,5.0,5.2,4.8,5.0,3779
1478,2020-08-04,5.0,5.8,4.8,5.55,16447
1479,2020-08-05,5.55,5.8,5.2,5.5,9757
1480,2020-08-06,5.5,5.5,4.4,4.4,7199
1481,2020-08-07,4.8,5.7,4.7,5.4,12633
1482,2020-08-10,5.5,5.6,5.4,5.6,10000
1483,2020-08-11,5.85,5.85,5.6,5.6,18723
1484,2020-08-12,5.6,5.6,5.0,5.5,24200
1485,2020-08-13,5.3,5.3,4.8,5.0,3269
1486,2020-08-14,4.8,5.0,4.8,5.0,7101
1487,2020-08-17,5.0,5.8,5.0,5.15,43579
1488,2020-08-18,5.2,5.2,4.7,4.88,9464
1489,2020-08-19,4.8,4.88,4.62,4.62,2337
1490,2020-08-20,4.7,4.7,4.6,4.7,5782
1491,2020-08-21,4.62,4.62,4.4,4.4,3287
1492,2020-08-24,4.3,4.3,4.0,4.3,5169
1493,2020-08-25,4.2,4.3,4.2,4.3,1166
1494,2020-08-26,4.1,4.1,4.0,4.08,1105
1495,2020-08-28,4.08,4.1,4.08,4.08,1275
1496,2020-08-31,4.08,4.4,3.9,4.4,9225
1497,2020-09-01,4.38,4.62,4.38,4.5,4830
1498,2020-09-03,4.6,5.35,4.6,5.35,4120
1499,2020-09-04,5.2,5.3,4.9,4.9,3030
1500,2020-09-07,4.8,5.0,4.6,5.0,3280
1501,2020-09-08,5.0,5.0,4.0,4.6,5295
1502,2020-09-09,4.4,4.48,4.0,4.1,8158
1503,2020-09-10,4.04,4.18,4.04,4.1,3195
1504,2020-09-11,4.0,4.54,4.0,4.2,5318
1505,2020-09-14,4.2,4.2,4.1,4.1,745
1506,2020-09-15,4.08,4.2,4.08,4.2,6235
1507,2020-09-16,4.14,4.22,4.1,4.22,685
1508,2020-09-17,4.22,4.22,4.22,4.22,1200
1509,2020-09-18,4.22,4.24,4.18,4.22,2180
1510,2020-09-21,4.26,5.1,4.26,5.0,14427
1511,2020-09-22,5.0,5.2,4.84,5.1,8196
1512,2020-09-23,4.98,5.1,4.9,4.98,3461
1513,2020-09-24,4.96,4.96,4.24,4.88,5941
1514,2020-09-25,4.88,5.2,4.86,5.2,12229
1515,2020-09-28,5.1,6.0,5.1,5.95,18648
1516,2020-09-29,5.95,6.5,5.95,6.15,29111
1517,2020-09-30,6.2,6.55,6.2,6.4,9289
1518,2020-10-01,6.4,6.9,6.4,6.8,13935
1519,2020-10-02,6.6,6.9,6.6,6.7,8843
1520,2020-10-05,6.9,7.1,6.9,7.1,11926
1521,2020-10-06,7.1,7.2,7.1,7.15,6319
1522,2020-10-07,7.15,7.2,5.75,7.0,7208
1523,2020-10-08,7.05,7.15,6.6,7.1,15585
1524,2020-10-09,7.15,8.0,6.9,8.0,78665
1525,2020-10-12,10.5,11.2,9.6,10.8,185740
1526,2020-10-13,11.0,11.2,9.6,9.8,23133
1527,2020-10-14,9.95,10.0,8.1,8.3,16623
1528,2020-10-15,8.7,8.7,6.7,6.7,17942
1529,2020-10-16,7.0,8.0,6.5,7.9,72380
1530,2020-10-19,8.0,8.0,7.5,7.7,5120
1531,2020-10-20,7.5,7.5,7.2,7.2,1431
1532,2020-10-21,7.2,7.2,7.0,7.2,2010
1533,2020-10-22,7.0,7.0,5.9,6.3,13024
1534,2020-10-23,6.0,6.2,5.8,6.0,3149
1535,2020-10-26,6.0,6.85,6.0,6.1,3583
1536,2020-10-27,6.5,6.8,6.1,6.8,2269
1537,2020-10-28,6.5,6.7,5.2,5.25,7421
1538,2020-10-29,5.9,6.6,5.5,6.6,4369
1539,2020-10-30,6.7,6.8,5.45,6.3,6454
1540,2020-11-02,6.3,6.5,5.4,6.25,1202
1541,2020-11-03,6.2,6.2,5.5,6.0,2675
1542,2020-11-04,5.8,6.1,5.8,5.8,1841
1543,2020-11-05,5.8,6.0,5.6,5.8,1694
1544,2020-11-06,5.7,5.95,5.6,5.9,1819
1545,2020-11-09,5.9,6.3,5.8,6.05,3356
1546,2020-11-10,6.3,6.35,6.1,6.1,145
1547,2020-11-12,6.0,6.65,6.0,6.05,1997
1548,2020-11-13,6.0,6.3,5.8,6.05,3115
1549,2020-11-16,6.1,6.75,6.1,6.7,6716
1550,2020-11-17,6.7,6.7,6.5,6.7,1806
1551,2020-11-18,6.5,6.6,6.3,6.4,801
1552,2020-11-19,6.4,6.55,6.1,6.25,1121
1553,2020-11-20,6.8,6.85,6.5,6.85,5570
1554,2020-11-23,6.85,6.85,6.6,6.6,805
1555,2020-11-24,6.6,7.0,6.6,7.0,3225
1556,2020-11-25,7.0,7.0,6.8,6.8,141
1557,2020-11-26,6.8,7.0,6.6,6.85,555
1558,2020-11-27,6.6,6.7,6.5,6.7,1348
1559,2020-11-30,6.7,6.7,6.5,6.5,400
1560,2020-12-01,6.5,6.6,6.5,6.6,8193
1561,2020-12-02,6.5,6.65,6.0,6.5,5690
1562,2020-12-03,6.2,6.5,6.1,6.2,1221
1563,2020-12-04,6.1,6.3,6.1,6.3,937
1564,2020-12-07,6.3,6.5,6.1,6.1,9318
1565,2020-12-08,6.1,6.1,5.5,6.1,1846
1566,2020-12-09,6.0,6.3,5.6,6.0,1602
1567,2020-12-10,6.0,6.0,5.8,5.95,3241
1568,2020-12-11,5.95,6.0,5.65,6.0,3217
1569,2020-12-14,6.0,6.0,5.5,5.9,5680
1570,2020-12-15,5.95,5.95,5.15,5.4,1829
1571,2020-12-16,5.4,5.65,5.35,5.35,2958
1572,2020-12-17,5.2,5.35,4.84,5.0,8917
1573,2020-12-18,5.1,5.1,4.96,5.0,2442
1574,2020-12-21,5.0,5.0,5.0,5.0,600
1575,2020-12-22,5.0,5.0,4.84,5.0,3088
1576,2020-12-23,5.0,5.0,4.82,4.82,405
1577,2020-12-28,5.0,5.0,4.82,4.84,3232
1578,2020-12-29,5.0,5.7,4.82,5.4,4502
1579,2020-12-30,5.4,6.35,5.4,5.95,12528
1580,2021-01-04,6.0,6.85,6.0,6.1,2030
1581,2021-01-05,6.5,6.5,6.1,6.1,330
1582,2021-01-07,6.5,6.5,6.3,6.5,2781
1583,2021-01-08,6.7,6.7,6.4,6.4,4568
1584,2021-01-11,6.45,6.45,6.3,6.4,1500
1585,2021-01-12,6.4,6.85,6.4,6.4,4050
1586,2021-01-13,6.5,6.5,6.4,6.5,915
1587,2021-01-14,6.75,6.75,6.75,6.75,350
1588,2021-01-15,6.7,6.7,6.7,6.7,1358
1589,2021-01-18,6.7,6.7,6.4,6.4,635
1590,2021-01-19,6.5,6.7,6.0,6.1,2527
1591,2021-01-20,6.1,6.15,6.05,6.15,1482
1592,2021-01-21,6.4,6.4,6.0,6.0,2410
1593,2021-01-22,6.4,6.4,6.1,6.1,40
1594,2021-01-25,6.1,6.1,6.0,6.1,1201
1595,2021-01-26,6.0,6.35,5.65,5.75,4910
1596,2021-01-27,5.75,5.75,5.2,5.75,3435
1597,2021-01-28,6.1,6.35,6.05,6.3,7623
1598,2021-01-29,6.3,6.3,6.3,6.3,1155
1599,2021-02-01,6.3,6.3,6.0,6.0,4989
1600,2021-02-02,6.0,6.0,6.0,6.0,3236
1601,2021-02-03,6.0,6.35,6.0,6.0,1351
1602,2021-02-04,6.0,6.0,5.6,5.8,2898
1603,2021-02-05,6.0,6.0,5.8,5.8,2801
1604,2021-02-08,6.0,6.55,5.9,6.2,3189
1605,2021-02-09,6.1,6.1,6.1,6.1,252
1606,2021-02-10,6.1,6.45,6.0,6.45,1557
1607,2021-02-11,6.45,6.45,6.1,6.1,777
1608,2021-02-12,6.15,6.15,6.1,6.1,2100
1609,2021-02-15,6.1,6.5,6.1,6.1,1262
1610,2021-02-16,6.1,6.2,6.1,6.2,410
1611,2021-02-17,6.1,6.45,6.0,6.0,1022
1612,2021-02-19,6.1,6.1,6.1,6.1,1586
1613,2021-02-22,6.4,6.45,6.2,6.2,1780
1614,2021-02-24,6.1,6.1,6.1,6.1,92
1615,2021-02-26,6.3,6.4,6.2,6.2,1067
1616,2021-03-01,6.2,6.5,6.2,6.2,1400
1617,2021-03-02,6.0,6.0,6.0,6.0,650
1618,2021-03-03,6.0,6.0,6.0,6.0,400
1619,2021-03-04,6.0,6.0,5.8,6.0,1605
1620,2021-03-05,5.7,6.1,5.3,6.1,1879
1621,2021-03-08,5.95,6.0,5.8,5.8,2378
1622,2021-03-09,5.9,6.1,5.8,6.0,1020
1623,2021-03-10,5.9,6.2,5.9,6.1,2749
1624,2021-03-11,5.9,6.1,5.6,6.0,2812
1625,2021-03-12,6.0,6.0,5.8,5.8,8523
1626,2021-03-15,5.8,6.0,4.82,5.2,55482
1627,2021-03-16,5.3,6.0,5.0,5.9,10881
1628,2021-03-17,5.95,5.95,5.6,5.7,8859
1629,2021-03-18,5.5,5.7,4.8,5.0,32479
1630,2021-03-19,5.2,5.3,5.0,5.2,4299
1631,2021-03-22,5.3,6.25,5.3,6.15,12555
1632,2021-03-23,6.15,6.2,5.7,6.0,5659
1633,2021-03-24,6.0,6.5,6.0,6.35,17904
1634,2021-03-25,6.2,6.7,6.2,6.45,33408
1635,2021-03-26,6.55,7.8,6.55,7.2,44087
1636,2021-03-29,7.2,8.4,7.0,8.3,16175
1637,2021-03-30,8.0,8.95,8.0,8.3,20978
1638,2021-03-31,8.3,8.3,6.5,6.8,59903
1639,2021-04-01,7.0,7.0,6.8,6.96,3700
1640,2021-04-06,6.9,6.9,6.8,6.8,6026
1641,2021-04-07,6.8,6.98,6.8,6.94,1701
1642,2021-04-08,6.94,7.8,6.8,7.6,8583
1643,2021-04-09,7.66,7.66,7.42,7.5,745
1644,2021-04-12,7.7,9.0,7.4,8.68,23919
1645,2021-04-13,8.7,8.7,8.0,8.4,7384
1646,2021-04-14,8.36,10.85,8.36,9.8,146042
1647,2021-04-15,9.7,10.75,9.08,10.25,61149
1648,2021-04-16,10.25,10.7,9.4,10.3,74307
1649,2021-04-19,9.5,11.9,8.0,9.96,434115
1650,2021-04-20,9.96,10.0,8.7,9.2,34220
1651,2021-04-21,9.2,9.58,8.2,9.56,53928
1652,2021-04-22,9.6,10.0,9.46,10.0,26325
1653,2021-04-23,9.5,9.96,9.02,9.46,9719
1654,2021-04-26,9.1,9.46,8.5,9.0,15074
1655,2021-04-27,8.5,8.88,8.1,8.88,12865
1656,2021-04-28,8.88,9.76,8.4,9.4,13555
1657,2021-04-29,9.02,9.6,8.6,9.18,26798
1658,2021-04-30,9.38,9.38,8.6,9.04,10338
1659,2021-05-04,9.4,9.4,8.68,9.0,9345
1660,2021-05-05,9.0,9.58,8.54,9.38,21962
1661,2021-05-06,8.96,9.38,8.76,9.2,15852
1662,2021-05-07,9.16,9.3,8.58,9.28,27323
1663,2021-05-10,9.0,9.4,8.8,9.3,29926
1664,2021-05-11,9.3,9.9,8.8,9.1,39673
1665,2021-05-12,9.1,9.2,8.7,9.1,9505
1666,2021-05-13,9.08,9.28,8.74,9.0,29033
1667,2021-05-14,9.18,9.3,8.7,9.06,42293
1668,2021-05-17,9.06,9.1,8.68,9.1,31756
1669,2021-05-18,9.1,9.32,8.76,9.24,43434
1670,2021-05-19,9.24,9.28,8.74,9.08,32817
1671,2021-05-20,9.08,10.0,8.8,9.8,53960
1672,2021-05-21,9.8,11.45,9.56,10.0,65850
1673,2021-05-24,10.3,11.15,10.15,10.8,110650
1674,2021-05-25,10.95,11.3,10.8,11.0,50839
1675,2021-05-26,11.1,11.15,9.8,10.65,34510
1676,2021-05-27,10.3,10.6,10.0,10.55,14734
1677,2021-05-28,10.55,11.0,10.0,10.6,40119
1678,2021-05-31,10.6,11.0,9.9,10.4,56421
1679,2021-06-01,10.4,11.0,10.0,10.65,91118
1680,2021-06-02,10.65,10.7,10.0,10.5,41764
1681,2021-06-04,10.5,10.65,9.8,10.3,47453
1682,2021-06-07,10.25,10.5,10.0,10.35,34526
1683,2021-06-08,10.4,11.85,10.0,11.5,57843
1684,2021-06-09,11.5,12.0,11.4,11.95,89393
1685,2021-06-10,11.95,12.6,11.85,12.3,116505
1686,2021-06-11,12.5,12.65,12.2,12.45,42076
1687,2021-06-14,12.4,14.0,12.3,13.75,96463
1688,2021-06-15,14.0,14.8,12.7,14.2,120487
1689,2021-06-16,14.2,14.5,12.3,13.15,101145
1690,2021-06-17,13.45,13.5,12.6,13.3,29083
1691,2021-06-18,14.3,14.3,12.2,12.75,105438
1692,2021-06-21,12.9,12.9,11.3,12.0,51354
1693,2021-06-22,12.0,12.0,10.3,10.9,83694
1694,2021-06-23,11.0,11.55,10.9,11.4,29871
1695,2021-06-24,11.55,11.75,10.9,11.1,21176
1696,2021-06-25,11.35,11.4,10.75,11.25,19885
1697,2021-06-28,11.6,12.5,11.5,12.4,59798
1698,2021-06-29,12.4,12.5,11.8,12.0,21646
1699,2021-06-30,12.25,12.6,11.8,12.6,32764
1700,2021-07-01,12.65,13.85,12.3,13.6,40786
1701,2021-07-02,13.75,14.5,13.0,13.75,102838
1702,2021-07-05,13.75,13.75,12.9,13.0,29374
1703,2021-07-06,12.95,13.0,12.1,12.65,15159
1704,2021-07-07,12.5,12.8,12.0,12.65,13552
1705,2021-07-08,12.6,13.0,12.45,12.7,15482
1706,2021-07-09,12.75,13.1,12.5,12.7,5148
1707,2021-07-12,12.5,13.0,11.8,12.4,28947
1708,2021-07-13,12.65,12.7,12.25,12.6,7505
1709,2021-07-14,12.6,13.0,12.35,13.0,13779
1710,2021-07-15,12.9,12.9,12.5,12.8,16459
1711,2021-07-16,12.8,12.8,12.15,12.65,6605
1712,2021-07-19,12.4,12.75,11.8,12.1,21410
1713,2021-07-20,12.1,12.4,11.85,12.4,9400
1714,2021-07-21,12.4,12.4,11.9,12.25,5980
1715,2021-07-22,12.15,12.15,11.8,11.8,9329
1716,2021-07-23,12.0,12.4,11.8,12.1,29648
1717,2021-07-26,12.1,12.1,10.75,11.1,32719
1718,2021-07-27,11.1,11.3,10.4,11.2,26552
1719,2021-07-28,11.3,11.55,11.0,11.0,12272
1720,2021-07-29,11.2,11.4,9.5,10.4,41760
1721,2021-07-30,10.35,10.95,10.2,10.9,21515
1722,2021-08-02,10.8,12.95,10.75,12.25,32512
1723,2021-08-03,12.25,12.4,11.8,11.8,4937
1724,2021-08-04,12.05,12.45,11.5,11.75,11101
1725,2021-08-05,11.5,12.5,11.5,12.2,9835
1726,2021-08-06,12.3,12.5,11.55,12.2,25733
1727,2021-08-09,12.5,12.5,11.85,12.0,7238
1728,2021-08-10,12.0,12.0,11.55,11.7,9375
1729,2021-08-11,11.9,12.3,11.9,12.2,9880
1730,2021-08-12,12.2,12.2,11.7,12.15,5425
1731,2021-08-13,12.2,12.3,12.05,12.2,5820
1732,2021-08-16,12.0,12.3,11.9,12.25,8319
1733,2021-08-17,12.3,12.3,11.85,12.2,6408
1734,2021-08-18,12.1,12.2,11.9,12.2,5801
1735,2021-08-19,12.1,12.5,11.6,12.5,17518
1736,2021-08-20,12.5,12.75,12.1,12.65,19138
1737,2021-08-23,12.7,13.0,12.25,12.95,15387
1738,2021-08-24,12.95,12.95,12.35,12.7,19295
1739,2021-08-25,12.7,13.0,12.5,13.0,34538
1740,2021-08-26,13.0,14.75,13.0,13.65,80608
1741,2021-08-27,13.95,14.1,13.45,14.0,36722
1742,2021-08-30,13.8,14.4,13.8,13.95,18898
1743,2021-08-31,14.1,14.1,12.7,12.8,46432
1744,2021-09-01,13.35,13.4,12.65,13.4,17537
1745,2021-09-02,13.65,13.95,12.95,13.5,14076
1746,2021-09-03,13.5,13.5,12.95,13.35,7280
1747,2021-09-06,13.35,13.5,12.9,13.2,16905
1748,2021-09-07,13.15,14.4,12.9,14.0,50033
1749,2021-09-08,14.25,14.3,13.9,14.2,16745
1750,2021-09-09,14.3,14.35,13.8,14.2,11615
1751,2021-09-10,14.0,14.1,13.5,14.0,14034
1752,2021-09-13,14.1,14.45,13.6,13.85,20363
1753,2021-09-14,14.0,14.1,13.8,14.0,15361
1754,2021-09-15,14.0,14.1,13.7,14.05,8532
1755,2021-09-16,14.0,14.0,13.35,13.9,17461
1756,2021-09-17,13.8,13.8,13.45,13.55,5742
1757,2021-09-20,13.5,13.5,12.2,12.65,60490
1758,2021-09-21,12.5,12.5,12.2,12.4,17206
1759,2021-09-22,12.15,12.45,12.05,12.15,15592
1760,2021-09-23,12.15,12.15,11.6,11.9,30175
1761,2021-09-24,11.9,13.5,11.05,12.6,22527
1762,2021-09-27,12.6,12.95,12.2,12.85,7249
1763,2021-09-28,12.8,12.8,11.8,12.4,18227
1764,2021-09-29,12.0,13.5,11.8,13.1,21044
1765,2021-09-30,13.5,13.9,12.7,13.3,23820
1766,2021-10-01,13.3,13.4,12.3,12.35,43495
1767,2021-10-04,12.5,12.5,11.55,12.5,13002
1768,2021-10-05,12.5,12.6,12.0,12.5,7258
1769,2021-10-06,12.5,12.5,12.0,12.4,10946
1770,2021-10-07,12.45,12.45,12.0,12.15,10924
1771,2021-10-08,12.15,12.5,12.0,12.0,28635
1772,2021-10-11,12.0,12.0,11.55,11.9,19397
1773,2021-10-12,11.9,11.9,11.5,11.85,19645
1774,2021-10-13,11.95,12.45,11.65,12.1,35248
1775,2021-10-14,12.0,12.8,12.0,12.4,29374
1776,2021-10-15,12.4,13.45,12.4,13.15,49328
1777,2021-10-18,13.4,13.45,13.0,13.3,7528
1778,2021-10-19,13.3,13.3,12.8,13.0,7432
1779,2021-10-20,13.0,13.3,12.4,13.2,11174
1780,2021-10-21,12.9,13.15,10.55,11.85,75014
1781,2021-10-22,11.85,12.25,11.85,12.1,10771
1782,2021-10-25,12.1,12.1,11.6,12.0,28558
1783,2021-10-26,12.0,12.05,11.0,11.5,23078
1784,2021-10-27,11.5,11.9,10.45,10.9,52391
1785,2021-10-28,10.75,10.8,10.4,10.55,17139
1786,2021-10-29,10.55,10.6,9.5,10.0,37821
1787,2021-11-02,10.15,11.3,10.0,11.2,43498
1788,2021-11-03,11.25,11.25,10.7,11.1,10353
1789,2021-11-04,11.25,11.25,10.1,10.1,22365
1790,2021-11-05,10.7,11.15,10.0,10.45,22422
1791,2021-11-08,10.45,10.6,9.9,10.2,15354
1792,2021-11-09,10.2,10.2,9.3,9.8,21553
1793,2021-11-10,9.8,10.0,8.0,9.5,47257
1794,2021-11-12,9.6,9.8,8.7,8.7,29112
1795,2021-11-15,9.1,9.28,8.5,8.9,20641
1796,2021-11-16,9.0,10.8,8.5,9.22,143663
1797,2021-11-17,9.3,9.3,8.3,8.6,47797
1798,2021-11-18,8.6,8.66,8.18,8.56,22460
1799,2021-11-19,8.64,8.96,8.4,8.4,25028
1800,2021-11-22,8.54,9.28,8.54,9.0,24263
1801,2021-11-23,9.5,9.5,8.7,8.8,32992
1802,2021-11-24,9.18,9.18,8.5,8.88,13049
1803,2021-11-25,9.0,9.28,8.88,9.2,18669
1804,2021-11-26,9.18,9.18,8.86,8.9,11303
1805,2021-11-29,9.28,9.28,8.8,9.0,34385
1806,2021-11-30,8.9,9.18,8.8,8.98,14757
1807,2021-12-01,9.0,9.0,8.8,9.0,10716
1808,2021-12-02,9.1,9.1,8.5,8.96,10000
1809,2021-12-03,8.66,8.9,8.6,8.82,5769
1810,2021-12-06,8.88,8.88,8.22,8.5,16852
1811,2021-12-07,8.4,8.48,8.22,8.4,17159
1812,2021-12-08,8.46,8.48,8.22,8.4,10300
1813,2021-12-09,8.4,8.8,8.28,8.8,15811
1814,2021-12-10,8.9,8.96,8.12,8.3,14674
1815,2021-12-13,8.54,8.54,8.0,8.3,10863
1816,2021-12-14,8.3,8.3,7.76,8.12,35451
1817,2021-12-15,7.92,8.2,7.78,8.12,9993
1818,2021-12-16,8.2,8.4,7.92,8.3,28813
1819,2021-12-17,8.2,8.44,7.96,8.02,16441
1820,2021-12-20,8.38,8.38,7.22,7.48,53210
1821,2021-12-21,7.3,7.48,6.74,6.92,49644
1822,2021-12-22,7.0,7.26,6.32,6.44,56655
1823,2021-12-23,6.48,6.8,6.26,6.8,135440
1824,2021-12-27,7.0,7.0,6.44,6.66,85196
1825,2021-12-28,6.48,6.9,6.42,6.46,68417
1826,2021-12-29,6.7,8.3,6.6,7.08,79824
1827,2021-12-30,7.14,7.4,6.78,7.1,28021
1828,2022-01-03,9.0,9.0,7.7,8.16,141811
1829,2022-01-04,8.38,8.44,7.8,8.12,46787
1830,2022-01-05,8.1,8.1,7.6,8.0,25440
1831,2022-01-07,8.0,8.06,7.7,7.9,18636
1832,2022-01-10,8.0,8.16,7.9,8.14,11263
1833,2022-01-11,8.18,8.24,8.02,8.24,19233
1834,2022-01-12,8.24,8.26,7.9,7.94,18254
1835,2022-01-13,8.0,8.2,7.7,8.0,23787
1836,2022-01-14,8.0,8.1,7.6,7.9,34366
1837,2022-01-17,7.62,7.9,7.46,7.7,26318
1838,2022-01-18,7.52,7.58,7.1,7.26,24845
1839,2022-01-19,7.34,7.48,7.14,7.14,10544
1840,2022-01-20,7.14,7.48,7.04,7.44,13906
1841,2022-01-21,7.44,7.44,6.9,7.0,28103
1842,2022-01-24,7.2,7.3,6.62,6.8,31745
1843,2022-01-25,6.5,7.4,6.4,7.24,32806
1844,2022-01-26,6.6,7.0,6.54,6.9,44922
1845,2022-01-27,6.8,7.0,6.66,6.78,7504
1846,2022-01-28,6.8,7.1,6.6,7.1,13145
1847,2022-01-31,6.54,7.1,6.2,6.3,63755
1848,2022-02-01,6.46,6.8,6.4,6.74,27686
1849,2022-02-02,6.8,6.82,6.3,6.64,48181
1850,2022-02-03,6.6,6.64,6.26,6.4,48032
1851,2022-02-04,6.42,6.52,6.28,6.46,24565
